signal_id,symbol,direction,entry_price,stop_loss,tp1,tp2,confluences,created_at,status,outcome,hit_price,closed_at
2026-04-15T20:24:00.232084,QQQ,LONG,637.08,60.7,300.00,1.0000,"CVD_BULL (100%);ASK_LIFT",OPEN
2026-04-15T20:29:15.724290,QQQ,LONG,637.00,62.7,333.00,1.0000,"SENTIMENT_BULL (+0.14);CVD_BULL (100%);ASK_LIFT",OPEN
2026-04-15T20:32:48.957435,QQQ,SHORT,637.00,38.2,-306.00,0.0000,"CVD_BEAR (0%);ASK_LIFT",OPEN
2026-04-15T20:37:21.048483,CRWV,SHORT,117.78,39.0,-8.00,0.0000,"CVD_BEAR (0%)",OPEN
2026-04-15T20:38:25.382687,QQQ,LONG,637.09,60.7,283.00,0.6581,"CVD_BULL (66%);ASK_LIFT",OPEN
2026-04-15T20:42:49.314502,CRWV,SHORT,117.78,39.0,-8.00,0.0000,"CVD_BEAR (0%)",OPEN
2026-04-15T20:43:56.776102,QQQ,LONG,637.09,60.8,283.00,0.6581,"CVD_BULL (66%);ASK_LIFT",OPEN
2026-04-15T20:48:41.014790,CRWV,SHORT,117.78,39.0,-8.00,0.0000,"CVD_BEAR (0%)",OPEN
2026-04-15T20:49:48.787996,QQQ,SHORT,636.86,38.3,-617.00,0.3281,"CVD_BEAR (33%);ASK_LIFT",OPEN
2026-04-15T20:53:09.684965,SPY,LONG,699.54,39.0,30.00,1.0000,"CVD_BULL (100%)",OPEN
2026-04-15T20:55:25.932081,QQQ,SHORT,637.17,38.2,-581.00,0.3413,"CVD_BEAR (34%);ASK_LIFT",OPEN
2026-04-15T20:58:50.454803,SPY,LONG,699.54,39.0,30.00,1.0000,"CVD_BULL (100%)",OPEN
2026-04-15T21:01:12.034628,QQQ,SHORT,637.17,38.2,-581.00,0.3413,"CVD_BEAR (34%);ASK_LIFT",OPEN
2026-04-15T21:04:34.643914,SPY,LONG,699.61,39.0,60.00,1.0000,"CVD_BULL (100%)",OPEN
2026-04-15T21:06:52.791618,QQQ,SHORT,637.17,38.2,-581.00,0.3413,"CVD_BEAR (34%);ASK_LIFT",OPEN
2026-04-15T21:10:15.482544,SPY,LONG,699.61,39.0,60.00,1.0000,"CVD_BULL (100%)",OPEN
2026-04-15T21:12:32.698462,QQQ,SHORT,637.17,38.2,-581.00,0.3413,"CVD_BEAR (34%);ASK_LIFT",OPEN
2026-04-15T21:15:52.844191,SPY,LONG,699.61,39.0,60.00,1.0000,"CVD_BULL (100%)",OPEN
2026-04-15T21:18:08.801377,QQQ,SHORT,637.17,38.2,-581.00,0.3413,"CVD_BEAR (34%);ASK_LIFT",OPEN
2026-04-15T21:21:33.107674,SPY,LONG,699.61,39.0,60.00,1.0000,"CVD_BULL (100%)",OPEN
2026-04-15T21:23:44.318348,QQQ,SHORT,637.17,38.2,-581.00,0.3413,"CVD_BEAR (34%);ASK_LIFT",OPEN
2026-04-15T21:27:06.990792,SPY,LONG,699.61,39.0,60.00,1.0000,"CVD_BULL (100%)",OPEN
2026-04-15T21:29:22.492462,QQQ,SHORT,637.17,38.2,-581.00,0.3413,"CVD_BEAR (34%);ASK_LIFT",OPEN
2026-04-15T21:32:45.275539,SPY,LONG,699.61,39.0,60.00,1.0000,"CVD_BULL (100%)",OPEN
2026-04-15T21:34:57.008979,QQQ,SHORT,637.17,38.2,-581.00,0.3413,"CVD_BEAR (34%);ASK_LIFT",OPEN
2026-04-15T21:38:18.326837,SPY,LONG,699.61,39.0,60.00,1.0000,"CVD_BULL (100%)",OPEN
2026-04-15T21:40:33.086658,QQQ,SHORT,637.17,38.2,-581.00,0.3413,"CVD_BEAR (34%);ASK_LIFT",OPEN
2026-04-15T21:43:53.278010,SPY,LONG,699.61,39.0,60.00,1.0000,"CVD_BULL (100%)",OPEN
2026-04-15T21:46:07.114699,QQQ,SHORT,637.17,38.2,-581.00,0.3413,"CVD_BEAR (34%);ASK_LIFT",OPEN
2026-04-15T21:49:27.101498,SPY,LONG,699.61,39.0,60.00,1.0000,"CVD_BULL (100%)",OPEN
2026-04-15T21:51:42.120751,QQQ,SHORT,637.17,38.2,-581.00,0.3413,"CVD_BEAR (34%);ASK_LIFT",OPEN
2026-04-15T21:55:00.517175,SPY,LONG,699.61,39.0,60.00,1.0000,"CVD_BULL (100%)",OPEN
2026-04-15T21:57:11.691149,QQQ,SHORT,637.17,38.2,-581.00,0.3413,"CVD_BEAR (34%);ASK_LIFT",OPEN
2026-04-15T22:00:35.571119,SPY,LONG,699.61,39.0,60.00,1.0000,"CVD_BULL (100%)",OPEN
2026-04-15T22:02:49.204404,QQQ,SHORT,637.17,38.2,-581.00,0.3413,"CVD_BEAR (34%);ASK_LIFT",OPEN
2026-04-15T22:06:11.183341,SPY,LONG,699.61,39.0,60.00,1.0000,"CVD_BULL (100%)",OPEN
2026-04-15T22:08:28.757886,QQQ,SHORT,637.17,38.2,-581.00,0.3413,"CVD_BEAR (34%);ASK_LIFT",OPEN
2026-04-15T22:11:49.846319,SPY,LONG,699.61,39.0,60.00,1.0000,"CVD_BULL (100%)",OPEN
2026-04-15T22:13:58.900760,QQQ,SHORT,637.17,38.2,-581.00,0.3413,"CVD_BEAR (34%);ASK_LIFT",OPEN
2026-04-15T22:17:28.206848,SPY,LONG,699.61,39.0,60.00,1.0000,"CVD_BULL (100%)",OPEN
2026-04-15T22:19:43.065794,QQQ,SHORT,637.17,38.2,-581.00,0.3413,"CVD_BEAR (34%);ASK_LIFT",OPEN
2026-04-15T22:22:57.934681,SPY,LONG,699.61,39.0,60.00,1.0000,"CVD_BULL (100%)",OPEN
2026-04-20T12:02:55.551092,ALV,LONG,119.52,39.0,20.00,1.0000,"CVD_BULL (100%)",OPEN
2026-04-20T12:06:19.149794,BBAI,SHORT,3.77,41.7,-200.00,0.0000,"CVD_BEAR (0%);SPREAD_PENALTY (0.26%);BID_HIT",OPEN
2026-04-20T12:08:33.684176,ALV,LONG,119.52,39.0,20.00,1.0000,"CVD_BULL (100%)",OPEN
2026-04-20T12:09:40.566108,BITO,SHORT,10.33,54.3,-1.00,0.0000,"CVD_BEAR (0%);BID_HIT",OPEN
2026-04-20T12:11:52.590905,SPY,SHORT,706.86,37.5,-180.00,0.0000,"CVD_BEAR (0%);ASK_LIFT",OPEN
2026-04-20T12:11:53.135386,QQQ,SHORT,645.90,39.0,-1.00,0.0000,"CVD_BEAR (0%)",OPEN
2026-04-20T12:11:53.722914,BBAI,SHORT,3.79,41.7,-100.00,0.3333,"CVD_BEAR (33%);SPREAD_PENALTY (0.26%);BID_HIT",OPEN
2026-04-20T12:17:39.466964,QQQ,SHORT,646.07,39.0,-40.00,0.0000,"CVD_BEAR (0%)",OPEN
2026-04-20T12:18:46.305048,SPY,LONG,707.15,60.2,90.00,1.0000,"CVD_BULL (100%);ASK_LIFT",OPEN
2026-04-20T12:23:24.814117,QQQ,SHORT,646.07,39.0,-40.00,0.0000,"CVD_BEAR (0%)",OPEN
2026-04-20T12:24:32.708684,SPY,LONG,707.15,60.8,90.00,1.0000,"CVD_BULL (100%);ASK_LIFT",OPEN
2026-04-20T12:25:40.851482,IWM,SHORT,273.57,39.0,-2.00,0.0000,"CVD_BEAR (0%)",OPEN
2026-04-20T12:26:41.677416,BBAI,SHORT,3.76,41.6,-709.00,0.1100,"CVD_BEAR (11%);SPREAD_PENALTY (0.27%);BID_HIT",OPEN
2026-04-20T12:28:53.604208,QQQ,SHORT,646.07,39.0,-40.00,0.0000,"CVD_BEAR (0%)",OPEN
2026-04-20T12:30:00.840540,SPY,LONG,707.04,60.2,119.00,0.9917,"CVD_BULL (99%);ASK_LIFT",OPEN
2026-04-20T12:31:15.896170,IWM,SHORT,273.57,36.8,-2.00,0.0000,"CVD_BEAR (0%);ASK_LIFT",OPEN
2026-04-20T12:34:42.601524,QQQ,SHORT,646.32,39.0,-25.00,0.2727,"CVD_BEAR (27%)",OPEN
2026-04-20T12:34:43.088022,BBAI,SHORT,3.77,41.6,-406.00,0.3562,"CVD_BEAR (36%);SPREAD_PENALTY (0.26%);BID_HIT",OPEN
2026-04-20T12:35:49.920259,SPY,LONG,707.04,59.4,119.00,0.9917,"CVD_BULL (99%);ASK_LIFT",OPEN
2026-04-20T12:36:54.595017,IWM,SHORT,273.57,36.8,-2.00,0.0000,"CVD_BEAR (0%);ASK_LIFT",OPEN
2026-04-20T12:38:03.704208,ALB,LONG,198.02,39.0,1.00,1.0000,"CVD_BULL (100%)",OPEN
2026-04-20T12:40:13.024233,QQQ,SHORT,646.32,39.0,-25.00,0.2727,"CVD_BEAR (27%)",OPEN
2026-04-20T12:40:13.628185,BBAI,SHORT,3.78,41.7,-306.00,0.3988,"CVD_BEAR (40%);SPREAD_PENALTY (0.26%);BID_HIT",OPEN
2026-04-20T12:41:21.083316,SPY,LONG,707.30,60.2,257.00,0.9961,"CVD_BULL (100%);ASK_LIFT",OPEN
2026-04-20T12:42:28.651565,IWM,SHORT,273.55,36.8,-112.00,0.0000,"CVD_BEAR (0%);ASK_LIFT",OPEN
2026-04-20T12:43:40.588236,ALB,LONG,198.02,39.0,1.00,1.0000,"CVD_BULL (100%)",OPEN
2026-04-20T12:46:54.942586,SPY,LONG,707.50,60.8,419.00,0.9215,"CVD_BULL (92%);ASK_LIFT",OPEN
2026-04-20T12:48:00.177183,IWM,SHORT,273.55,36.8,-112.00,0.0000,"CVD_BEAR (0%);ASK_LIFT",OPEN
2026-04-20T12:49:07.849845,BITO,SHORT,10.32,54.2,-710.00,0.0000,"CVD_BEAR (0%);BID_HIT",OPEN
2026-04-20T12:49:08.527700,ALB,LONG,198.02,39.0,1.00,1.0000,"CVD_BULL (100%)",OPEN
2026-04-20T12:50:15.295679,QQQ,LONG,647.01,39.0,30.00,0.6364,"CVD_BULL (64%)",OPEN
2026-04-20T12:51:24.629975,BMNR,SHORT,22.30,39.0,-5.00,0.0000,"CVD_BEAR (0%)",OPEN
2026-04-20T12:52:30.594955,SPY,LONG,707.50,60.4,419.00,0.9215,"CVD_BULL (92%);ASK_LIFT",OPEN
2026-04-20T12:53:37.532002,IWM,SHORT,273.93,36.8,-92.00,0.1515,"CVD_BEAR (15%);ASK_LIFT",OPEN
2026-04-20T12:54:45.007006,BITO,SHORT,10.32,54.3,-710.00,0.0000,"CVD_BEAR (0%);BID_HIT",OPEN
2026-04-20T12:54:45.594127,ALB,LONG,198.02,39.0,1.00,1.0000,"CVD_BULL (100%)",OPEN
2026-04-20T12:55:52.572555,QQQ,LONG,646.98,39.0,75.00,0.7419,"CVD_BULL (74%)",OPEN
2026-04-20T12:56:58.827872,BMNR,SHORT,22.30,39.0,-5.00,0.0000,"CVD_BEAR (0%)",OPEN
2026-04-20T12:58:07.852642,SPY,LONG,707.60,60.5,460.00,0.8117,"CVD_BULL (81%);ASK_LIFT",OPEN
2026-04-20T12:58:08.694033,ACHR,LONG,6.05,49.1,300.00,0.8000,"CVD_BULL (80%);SPREAD_PENALTY (0.17%);ASK_LIFT",OPEN
2026-04-20T12:59:15.865116,IWM,SHORT,273.93,36.8,-92.00,0.1515,"CVD_BEAR (15%);ASK_LIFT",OPEN
2026-04-20T13:00:24.522969,BITO,SHORT,10.32,47.0,-710.00,0.0000,"CVD_BEAR (0%);SPREAD_PENALTY (0.19%);BID_HIT",OPEN
2026-04-20T13:01:37.990638,QQQ,LONG,647.01,39.0,75.00,0.7419,"CVD_BULL (74%)",OPEN
2026-04-20T13:02:47.090860,BMNR,SHORT,22.30,39.0,-5.00,0.0000,"CVD_BEAR (0%)",OPEN
2026-04-20T13:03:54.909358,SPY,LONG,707.67,59.4,360.00,0.7148,"CVD_BULL (71%);ASK_LIFT",OPEN
2026-04-20T13:04:00.019827,BAC,SHORT,53.60,39.0,-150.00,0.0000,"CVD_BEAR (0%)",OPEN
2026-04-20T13:05:04.602064,IWM,SHORT,273.93,36.8,-92.00,0.1515,"CVD_BEAR (15%);ASK_LIFT",OPEN
2026-04-20T13:07:19.715498,QQQ,LONG,647.07,39.0,145.00,0.8222,"CVD_BULL (82%)",OPEN
2026-04-20T13:08:26.549672,BMNR,SHORT,22.30,39.0,-5.00,0.0000,"CVD_BEAR (0%)",OPEN
2026-04-20T13:09:33.935297,SPY,LONG,708.16,59.4,490.00,0.7134,"CVD_BULL (71%);ASK_LIFT",OPEN
2026-04-20T13:09:34.950882,BAC,SHORT,53.60,39.0,-150.00,0.0000,"CVD_BEAR (0%)",OPEN
2026-04-20T13:10:42.457608,IWM,LONG,274.23,59.3,128.00,0.6818,"CVD_BULL (68%);ASK_LIFT",OPEN
2026-04-20T13:12:58.233650,QQQ,LONG,647.39,39.0,170.00,0.8400,"CVD_BULL (84%)",OPEN
2026-04-20T13:14:07.174431,BMNR,SHORT,22.26,39.0,-55.00,0.0000,"CVD_BEAR (0%)",OPEN
2026-04-20T13:15:15.697347,SPY,LONG,708.05,59.4,400.00,0.6410,"CVD_BULL (64%);ASK_LIFT",OPEN
2026-04-20T13:15:18.835209,BAC,SHORT,53.60,39.0,-150.00,0.0000,"CVD_BEAR (0%)",OPEN
2026-04-20T13:16:26.338149,IWM,LONG,274.23,59.3,128.00,0.6818,"CVD_BULL (68%);ASK_LIFT",OPEN
2026-04-20T13:18:35.764314,QQQ,LONG,647.39,39.0,170.00,0.8400,"CVD_BULL (84%)",OPEN
2026-04-20T13:19:41.820943,BMNR,SHORT,22.26,39.0,-55.00,0.0000,"CVD_BEAR (0%)",OPEN
2026-04-20T13:26:26.258916,QQQ,LONG,647.62,60.3,194.00,0.7225,"CVD_BULL (72%);ASK_LIFT",OPEN
2026-04-20T13:30:51.378178,IWM,LONG,275.29,59.0,2274.00,0.6642,"CVD_BULL (66%);ASK_LIFT",OPEN
2026-04-20T13:30:53.745895,BTG,SHORT,4.95,35.8,-35907.00,0.1027,"CVD_BEAR (10%);BLOCK_SELL_IMBAL (-2);SPREAD_PENALTY (0.20%);ASK_LIFT",OPEN
2026-04-20T13:30:54.387391,BBD,SHORT,4.22,43.7,-4296.00,0.1361,"CVD_BEAR (14%);SPREAD_PENALTY (0.24%);BID_HIT",OPEN
2026-04-20T13:32:00.782323,BMNU,SHORT,2.09,53.2,-44282.00,0.1634,"CVD_BEAR (16%);BLOCK_SELL_IMBAL (-2);SPREAD_PENALTY (0.47%);BID_HIT;HIGH_VOL (122,594)",OPEN
2026-04-20T13:32:01.334481,ACHR,LONG,5.98,48.9,2482.00,0.7112,"CVD_BULL (71%);SPREAD_PENALTY (0.17%);ASK_LIFT",OPEN
2026-04-20T13:33:16.503570,BITX,LONG,17.93,57.3,1329.00,1.0000,"CVD_BULL (100%);ASK_LIFT",OPEN
2026-04-20T13:35:35.761682,ARIS,LONG,20.29,39.0,46.00,1.0000,"CVD_BULL (100%)",OPEN
2026-04-20T13:36:36.751670,BTG,SHORT,4.95,58.4,-35707.00,0.1067,"CVD_BEAR (11%);BLOCK_SELL_IMBAL (-2);SPREAD_PENALTY (0.20%);BID_HIT",OPEN
2026-04-20T13:37:42.214336,ACHR,LONG,5.98,48.9,2482.00,0.7112,"CVD_BULL (71%);SPREAD_PENALTY (0.17%);ASK_LIFT",OPEN
2026-04-20T13:38:48.669125,BMNU,LONG,2.16,37.5,-40252.00,0.2459,"CVD_BEAR (25%);BLOCK_SELL_IMBAL (-2);SPREAD_PENALTY (0.46%);ASK_LIFT;HIGH_VOL (138,024)",OPEN
2026-04-20T13:41:09.765890,ATAI,LONG,4.96,37.5,-2604.00,0.4806,"SPREAD_PENALTY (0.40%);ASK_LIFT;HIGH_VOL (114,318)",OPEN
2026-04-20T13:41:15.623950,ARIS,LONG,20.36,39.0,146.00,1.0000,"CVD_BULL (100%)",OPEN
2026-04-20T13:42:34.464262,BTG,SHORT,4.95,58.4,-35707.00,0.1067,"CVD_BEAR (11%);BLOCK_SELL_IMBAL (-2);SPREAD_PENALTY (0.20%);BID_HIT",OPEN
2026-04-20T13:43:44.659212,ACHR,LONG,5.98,48.9,2482.00,0.7112,"CVD_BULL (71%);SPREAD_PENALTY (0.17%);ASK_LIFT",OPEN
2026-04-20T13:43:45.800363,AAPL,LONG,272.57,37.5,-7190.00,0.4503,"ASK_LIFT;HIGH_VOL (103,189)",OPEN
2026-04-20T13:43:47.758371,AGX,LONG,579.45,39.0,1.00,1.0000,"CVD_BULL (100%)",OPEN
2026-04-20T13:44:56.326566,BMNU,LONG,2.16,37.5,-39367.00,0.2614,"CVD_BEAR (26%);BLOCK_SELL_IMBAL (-2);SPREAD_PENALTY (0.46%);ASK_LIFT;HIGH_VOL (142,306)",OPEN
2026-04-20T13:46:16.198409,ARIS,LONG,20.36,39.0,146.00,1.0000,"CVD_BULL (100%)",OPEN
2026-04-20T13:46:24.504118,ACLS,SHORT,122.37,39.0,-30.00,0.2857,"CVD_BEAR (29%)",OPEN
2026-04-20T13:47:31.862669,ATAI,LONG,5.24,37.5,626.00,0.5037,"SPREAD_PENALTY (0.19%);ASK_LIFT;HIGH_VOL (147,485)",OPEN
2026-04-20T13:47:55.125118,AMDL,SHORT,23.04,55.0,-496.00,0.0853,"CVD_BEAR (9%);BID_HIT",OPEN
2026-04-20T13:49:06.056534,ACHR,LONG,5.98,48.9,2482.00,0.7112,"CVD_BULL (71%);SPREAD_PENALTY (0.17%);ASK_LIFT",OPEN
2026-04-20T13:49:11.871069,AAPL,LONG,272.38,37.5,-9623.00,0.4570,"ASK_LIFT;HIGH_VOL (151,829)",OPEN
2026-04-20T13:49:12.680350,BTG,SHORT,4.95,58.4,-35707.00,0.1067,"CVD_BEAR (11%);BLOCK_SELL_IMBAL (-2);SPREAD_PENALTY (0.20%);BID_HIT",OPEN
2026-04-20T13:49:17.183166,AGX,LONG,580.22,39.0,2.00,1.0000,"CVD_BULL (100%)",OPEN
2026-04-20T13:49:25.951490,ARX,SHORT,14.55,39.0,-2.00,0.0000,"CVD_BEAR (0%)",OPEN
2026-04-20T13:50:32.264206,BMNU,LONG,2.17,37.5,-40067.00,0.2692,"CVD_BEAR (27%);BLOCK_SELL_IMBAL (-2);SPREAD_PENALTY (0.46%);ASK_LIFT;HIGH_VOL (157,782)",OPEN
2026-04-20T13:52:00.409968,ARIS,LONG,20.36,39.0,146.00,1.0000,"CVD_BULL (100%)",OPEN
2026-04-20T13:53:16.305802,BMNR,LONG,22.07,37.5,-4554.00,0.4699,"SPREAD_PENALTY (0.14%);ASK_LIFT;HIGH_VOL (102,356)",OPEN
2026-04-20T13:53:24.760001,AMDL,SHORT,22.78,35.7,-1099.00,0.2851,"CVD_BEAR (29%);ASK_LIFT",OPEN
2026-04-20T13:54:42.153217,ACHR,LONG,5.98,48.9,2482.00,0.7112,"CVD_BULL (71%);SPREAD_PENALTY (0.17%);ASK_LIFT",OPEN
2026-04-20T13:54:42.752154,BITO,LONG,10.30,54.2,960.00,0.6579,"CVD_BULL (66%);ASK_LIFT",OPEN
2026-04-20T13:54:43.486375,AAPL,LONG,273.47,37.5,-9652.00,0.4646,"SPREAD_PENALTY (0.55%);ASK_LIFT;HIGH_VOL (183,537)",OPEN
2026-04-20T13:54:44.172973,BTG,SHORT,4.95,58.4,-35707.00,0.1067,"CVD_BEAR (11%);BLOCK_SELL_IMBAL (-2);SPREAD_PENALTY (0.20%);BID_HIT",OPEN
2026-04-20T13:54:45.482424,BB,LONG,5.17,47.0,4717.00,0.6133,"CVD_BULL (61%);SPREAD_PENALTY (0.19%);ASK_LIFT",OPEN
2026-04-20T13:54:46.566558,ATAI,SHORT,5.20,37.5,-1920.00,0.4922,"SPREAD_PENALTY (0.19%);BID_HIT;HIGH_VOL (223,723)",OPEN
2026-04-20T13:54:47.894616,AGX,LONG,580.22,39.0,2.00,1.0000,"CVD_BULL (100%)",OPEN
2026-04-20T13:55:02.560251,ARX,SHORT,14.55,39.0,-2.00,0.0000,"CVD_BEAR (0%)",OPEN
2026-04-20T13:56:11.127555,BMNU,LONG,2.14,37.5,-51671.00,0.2416,"CVD_BEAR (24%);BLOCK_SELL_IMBAL (-2);SPREAD_PENALTY (0.47%);ASK_LIFT;HIGH_VOL (183,875)",OPEN
2026-04-20T13:56:12.827353,ARCO,LONG,9.64,38.1,422.00,1.0000,"CVD_BULL (100%);SPREAD_PENALTY (0.31%);ASK_LIFT",OPEN
2026-04-20T13:58:27.917616,BMNR,LONG,22.19,37.5,-4960.00,0.4687,"ASK_LIFT;HIGH_VOL (107,519)",OPEN
2026-04-20T14:00:46.020766,BITO,LONG,10.33,54.2,5660.00,0.8656,"CVD_BULL (87%);ASK_LIFT",OPEN
2026-04-20T14:00:47.097600,AAPL,LONG,273.93,37.5,-13077.00,0.4610,"ASK_LIFT;HIGH_VOL (228,220)",OPEN
2026-04-20T14:00:48.497277,AGX,SHORT,577.56,39.0,-19.00,0.2121,"CVD_BEAR (21%)",OPEN
2026-04-20T14:01:59.436319,SPY,LONG,709.44,37.5,-624.00,0.4963,"ASK_LIFT;HIGH_VOL (101,771)",OPEN
2026-04-20T14:02:00.210776,BMNU,SHORT,2.14,53.5,-51671.00,0.2416,"CVD_BEAR (24%);BLOCK_SELL_IMBAL (-2);SPREAD_PENALTY (0.47%);BID_HIT;HIGH_VOL (184,180)",OPEN
2026-04-20T14:02:02.160380,ATAI,LONG,5.26,37.5,-1375.00,0.4947,"SPREAD_PENALTY (0.19%);ASK_LIFT;HIGH_VOL (249,991)",OPEN
2026-04-20T14:03:14.315436,IWM,LONG,276.00,37.5,8773.00,0.5524,"ASK_LIFT;HIGH_VOL (100,822)",OPEN
2026-04-20T14:03:15.410333,BMNG,SHORT,1.49,37.5,-11604.00,0.3145,"CVD_BEAR (31%);SPREAD_PENALTY (0.67%);BID_HIT;HIGH_VOL (110,578)",OPEN
2026-04-20T14:04:29.479369,BMNR,LONG,22.20,37.5,-4212.00,0.4747,"ASK_LIFT;HIGH_VOL (112,230)",OPEN
2026-04-20T14:06:52.375718,BITO,LONG,10.33,69.2,14356.00,0.8176,"CVD_BULL (82%);ASK_LIFT;HIGH_VOL (203,408)",OPEN
2026-04-20T14:06:52.996160,AAPL,LONG,274.12,37.5,-17741.00,0.4550,"ASK_LIFT;HIGH_VOL (269,230)",OPEN
2026-04-20T14:06:54.194884,AGX,SHORT,577.56,39.0,-19.00,0.2121,"CVD_BEAR (21%)",OPEN
2026-04-20T14:08:02.346660,SPY,LONG,709.38,37.5,-1876.00,0.4906,"ASK_LIFT;HIGH_VOL (122,456)",OPEN
2026-04-20T14:08:03.108360,BMNU,LONG,2.17,37.5,-25571.00,0.3986,"CVD_BEAR (40%);BLOCK_SELL_IMBAL (-2);SPREAD_PENALTY (0.46%);ASK_LIFT;HIGH_VOL (254,347)",OPEN
2026-04-20T14:08:04.147365,ATAI,LONG,5.32,37.5,-374.00,0.4987,"SPREAD_PENALTY (0.19%);ASK_LIFT;HIGH_VOL (286,356)",OPEN
2026-04-20T14:08:05.512144,ARX,SHORT,14.57,40.9,-219.00,0.0706,"CVD_BEAR (7%);SPREAD_PENALTY (0.27%);BID_HIT",OPEN
2026-04-20T14:09:16.498390,IWM,LONG,276.05,37.5,9976.00,0.5539,"ASK_LIFT;HIGH_VOL (111,270)",OPEN
2026-04-20T14:09:18.225879,BMNG,LONG,1.48,37.5,-15279.00,0.2989,"CVD_BEAR (30%);SPREAD_PENALTY (0.68%);ASK_LIFT;HIGH_VOL (202,052)",OPEN
2026-04-20T14:10:38.908809,BMNR,LONG,22.18,37.5,-1012.00,0.4946,"ASK_LIFT;HIGH_VOL (128,125)",OPEN
2026-04-20T14:10:59.356170,BAC,SHORT,53.62,37.6,-1804.00,0.3052,"CVD_BEAR (31%);ASK_LIFT",OPEN
2026-04-20T14:12:02.040435,BITO,LONG,10.31,69.2,10756.00,0.6691,"CVD_BULL (67%);ASK_LIFT;HIGH_VOL (253,787)",OPEN
2026-04-20T14:12:02.907618,AAPL,LONG,273.72,37.5,-26157.00,0.4432,"ASK_LIFT;HIGH_VOL (312,218)",OPEN
2026-04-20T14:12:04.350704,ASTS,LONG,78.53,37.5,-3001.00,0.4883,"SPREAD_PENALTY (2.04%);ASK_LIFT;HIGH_VOL (168,307)",OPEN
2026-04-20T14:12:06.099986,AGX,SHORT,577.56,39.0,-19.00,0.2121,"CVD_BEAR (21%)",OPEN
2026-04-20T14:13:25.468084,SPY,LONG,709.25,37.5,-3097.00,0.4863,"ASK_LIFT;HIGH_VOL (141,685)",OPEN
2026-04-20T14:13:26.846100,BMNU,SHORT,2.15,59.7,-41657.00,0.3786,"CVD_BEAR (38%);BLOCK_SELL_IMBAL (-3);SPREAD_PENALTY (0.46%);BID_HIT;HIGH_VOL (336,524)",OPEN
2026-04-20T14:13:28.027760,ATAI,LONG,5.19,37.5,-2150.00,0.4932,"SPREAD_PENALTY (0.19%);ASK_LIFT;HIGH_VOL (306,092)",OPEN
2026-04-20T14:13:29.172534,ARX,SHORT,14.57,40.9,-219.00,0.0706,"CVD_BEAR (7%);SPREAD_PENALTY (0.27%);BID_HIT",OPEN
2026-04-20T14:13:30.240834,BTG,LONG,5.07,52.7,8134.00,0.8427,"CVD_BULL (84%);BLOCK_BUY_IMBAL (+1);SPREAD_PENALTY (0.20%);ASK_LIFT",OPEN
2026-04-20T14:14:43.088642,IWM,LONG,276.34,37.5,13450.00,0.5665,"ASK_LIFT;HIGH_VOL (121,897)",OPEN
2026-04-20T14:14:45.221828,BMNG,LONG,1.49,37.5,-7879.00,0.4179,"SPREAD_PENALTY (0.67%);ASK_LIFT;HIGH_VOL (296,955)",OPEN
2026-04-20T14:15:05.095180,ASO,LONG,56.96,39.0,210.00,0.6136,"CVD_BULL (61%)",OPEN
2026-04-20T14:17:00.188662,BMNR,LONG,22.18,37.5,-164.00,0.4992,"ASK_LIFT;HIGH_VOL (140,088)",OPEN
2026-04-20T14:17:02.066693,BITO,LONG,10.31,37.5,6062.00,0.5730,"ASK_LIFT;HIGH_VOL (305,721)",OPEN
2026-04-20T14:17:03.881506,AAPL,LONG,273.85,37.5,-36825.00,0.4279,"BLOCK_SELL_IMBAL (-1);ASK_LIFT;HIGH_VOL (343,084)",OPEN
2026-04-20T14:17:07.185882,BAC,SHORT,53.62,37.6,-1248.00,0.3900,"CVD_BEAR (39%);ASK_LIFT",OPEN
2026-04-20T14:18:28.789464,SPY,LONG,708.90,37.5,-2391.00,0.4900,"ASK_LIFT;HIGH_VOL (148,978)",OPEN
2026-04-20T14:18:30.275820,BMNU,SHORT,2.16,37.5,-33057.00,0.4083,"BLOCK_SELL_IMBAL (-3);SPREAD_PENALTY (0.46%);BID_HIT;HIGH_VOL (409,724)",OPEN
2026-04-20T14:18:31.333295,ASTS,SHORT,78.25,37.5,-4836.00,0.4832,"SPREAD_PENALTY (5.45%);BID_HIT;HIGH_VOL (188,297)",OPEN
2026-04-20T14:18:31.942120,ATAI,LONG,5.16,37.5,-2095.00,0.4935,"SPREAD_PENALTY (0.19%);ASK_LIFT;HIGH_VOL (313,842)",OPEN
2026-04-20T14:18:32.867408,AGX,LONG,575.51,39.0,23.00,0.6322,"CVD_BULL (63%)",OPEN
2026-04-20T14:18:33.658177,ARX,SHORT,14.57,40.9,-219.00,0.0706,"CVD_BEAR (7%);SPREAD_PENALTY (0.27%);BID_HIT",OPEN
2026-04-20T14:19:46.667318,IWM,LONG,276.23,37.5,12824.00,0.5583,"ASK_LIFT;HIGH_VOL (133,214)",OPEN
2026-04-20T14:19:47.719711,BMNG,LONG,1.50,37.5,-3879.00,0.4627,"SPREAD_PENALTY (0.67%);ASK_LIFT;HIGH_VOL (388,641)",OPEN
2026-04-20T14:19:49.609633,BTG,LONG,5.08,52.8,15184.00,0.7859,"CVD_BULL (79%);BLOCK_BUY_IMBAL (+1);SPREAD_PENALTY (0.20%);ASK_LIFT",OPEN
2026-04-20T14:21:04.561089,ASO,LONG,57.11,39.0,344.00,0.6626,"CVD_BULL (66%)",OPEN
2026-04-20T14:22:18.112080,BMNR,LONG,22.33,37.5,3674.00,0.5160,"ASK_LIFT;HIGH_VOL (164,104)",OPEN
2026-04-20T14:22:18.717411,BITO,LONG,10.37,69.3,40666.00,0.7671,"CVD_BULL (77%);ASK_LIFT;HIGH_VOL (449,775)",OPEN
2026-04-20T14:22:19.500358,AAPL,LONG,273.87,37.5,-37432.00,0.4314,"BLOCK_SELL_IMBAL (-1);ASK_LIFT;HIGH_VOL (364,894)",OPEN
2026-04-20T14:22:20.464163,BB,SHORT,5.26,37.5,3098.00,0.5314,"SPREAD_PENALTY (0.19%);BID_HIT;HIGH_VOL (109,073)",OPEN
2026-04-20T14:22:22.578353,BAC,SHORT,53.62,37.6,-1248.00,0.3900,"CVD_BEAR (39%);ASK_LIFT",OPEN
2026-04-20T14:23:38.655096,SPY,LONG,709.47,37.5,-2128.00,0.4917,"ASK_LIFT;HIGH_VOL (157,858)",OPEN
2026-04-20T14:23:39.515597,QQQ,LONG,647.09,37.5,977.00,0.5058,"ASK_LIFT;HIGH_VOL (100,278)",OPEN
2026-04-20T14:23:40.231727,BMNU,SHORT,2.18,37.5,-29512.00,0.4197,"BLOCK_SELL_IMBAL (-3);SPREAD_PENALTY (0.46%);BID_HIT;HIGH_VOL (580,464)",OPEN
2026-04-20T14:23:41.580195,ASTS,LONG,78.41,37.5,-3578.00,0.4883,"SPREAD_PENALTY (1.89%);ASK_LIFT;HIGH_VOL (199,206)",OPEN
2026-04-20T14:23:42.226379,ATAI,LONG,5.20,37.5,2237.00,0.5066,"SPREAD_PENALTY (0.19%);ASK_LIFT;HIGH_VOL (326,364)",OPEN
2026-04-20T14:23:43.547589,AGX,LONG,575.51,39.0,23.00,0.6322,"CVD_BULL (63%)",OPEN
2026-04-20T14:24:04.296250,ARX,SHORT,14.57,40.9,-219.00,0.0706,"CVD_BEAR (7%);SPREAD_PENALTY (0.27%);BID_HIT",OPEN
2026-04-20T14:25:19.509457,IWM,LONG,276.52,37.5,13987.00,0.5591,"ASK_LIFT;HIGH_VOL (143,896)",OPEN
2026-04-20T14:25:20.397152,BMNG,LONG,1.51,37.5,-2679.00,0.4795,"SPREAD_PENALTY (0.66%);ASK_LIFT;HIGH_VOL (460,323)",OPEN
2026-04-20T14:25:22.126405,BTG,LONG,5.08,52.7,15714.00,0.7422,"CVD_BULL (74%);BLOCK_BUY_IMBAL (+1);SPREAD_PENALTY (0.20%);ASK_LIFT",OPEN
2026-04-20T14:26:37.457145,ASO,LONG,57.11,39.0,344.00,0.6626,"CVD_BULL (66%)",OPEN
2026-04-20T14:27:50.133713,BMNR,LONG,22.31,37.5,3090.00,0.5132,"ASK_LIFT;HIGH_VOL (170,950)",OPEN
2026-04-20T14:27:50.832318,BITO,LONG,10.37,69.3,40666.00,0.7671,"CVD_BULL (77%);ASK_LIFT;HIGH_VOL (524,607)",OPEN
2026-04-20T14:27:51.450683,AAPL,LONG,273.70,37.5,-41375.00,0.4288,"BLOCK_SELL_IMBAL (-1);ASK_LIFT;HIGH_VOL (389,190)",OPEN
2026-04-20T14:27:51.938562,BB,SHORT,5.33,37.5,7448.00,0.5693,"SPREAD_PENALTY (0.19%);BID_HIT;HIGH_VOL (113,546)",OPEN
2026-04-20T14:27:53.548725,BAC,SHORT,53.62,37.6,-1248.00,0.3900,"CVD_BEAR (39%);ASK_LIFT",OPEN
2026-04-20T14:29:03.964334,SPY,LONG,708.92,37.5,-2721.00,0.4902,"ASK_LIFT;HIGH_VOL (170,660)",OPEN
2026-04-20T14:29:05.352126,QQQ,LONG,646.41,37.5,520.00,0.5028,"ASK_LIFT;HIGH_VOL (107,838)",OPEN
2026-04-20T14:29:07.122317,BMNU,SHORT,2.18,37.5,-32012.00,0.4141,"BLOCK_SELL_IMBAL (-3);SPREAD_PENALTY (0.46%);BID_HIT;HIGH_VOL (598,464)",OPEN
2026-04-20T14:29:09.217572,ATAI,LONG,5.16,37.5,3216.00,0.5086,"SPREAD_PENALTY (0.19%);ASK_LIFT;HIGH_VOL (356,498)",OPEN
2026-04-20T14:29:11.005822,AGX,LONG,575.51,39.0,23.00,0.6322,"CVD_BULL (63%)",OPEN
2026-04-20T14:30:23.057315,IWM,LONG,276.54,37.5,13678.00,0.5561,"SPREAD_PENALTY (0.10%);ASK_LIFT;HIGH_VOL (149,744)",OPEN
2026-04-20T14:30:23.906780,BMNG,LONG,1.51,37.5,-2679.00,0.4795,"SPREAD_PENALTY (0.66%);ASK_LIFT;HIGH_VOL (460,323)",OPEN
2026-04-20T14:30:24.490107,ASTS,SHORT,78.67,37.5,-2332.00,0.4929,"SPREAD_PENALTY (4.93%);BID_HIT;HIGH_VOL (211,211)",OPEN
2026-04-20T14:30:25.798530,BTG,LONG,5.08,52.7,15714.00,0.7422,"CVD_BULL (74%);BLOCK_BUY_IMBAL (+1);SPREAD_PENALTY (0.20%);ASK_LIFT",OPEN
2026-04-20T14:31:42.652829,AMPX,SHORT,19.30,42.2,-250.00,0.0000,"CVD_BEAR (0%);SPREAD_PENALTY (0.26%);BID_HIT",OPEN
2026-04-20T14:32:51.585440,ASO,LONG,56.80,39.0,314.00,0.6392,"CVD_BULL (64%)",OPEN
2026-04-20T14:34:04.771450,SPY,LONG,708.49,37.5,-5602.00,0.4818,"ASK_LIFT;HIGH_VOL (190,725)",OPEN
2026-04-20T14:34:05.541933,BMNR,LONG,22.16,37.5,3500.00,0.5147,"ASK_LIFT;HIGH_VOL (173,609)",OPEN
2026-04-20T14:34:06.174979,BITO,LONG,10.38,68.0,55866.00,0.8059,"CVD_BULL (81%);BLOCK_BUY_IMBAL (+1);SPREAD_PENALTY (0.19%);ASK_LIFT;HIGH_VOL (596,085)",OPEN
2026-04-20T14:34:06.808638,AAPL,LONG,273.00,37.5,-44085.00,0.4283,"BLOCK_SELL_IMBAL (-1);ASK_LIFT;HIGH_VOL (408,817)",OPEN
2026-04-20T14:34:07.326698,BB,SHORT,5.33,37.5,7448.00,0.5693,"SPREAD_PENALTY (0.19%);BID_HIT;HIGH_VOL (113,546)",OPEN
2026-04-20T14:34:08.828722,BAC,SHORT,53.62,37.6,-1248.00,0.3900,"CVD_BEAR (39%);ASK_LIFT",OPEN
2026-04-20T14:34:17.231507,ARX,SHORT,14.65,39.0,-20.00,0.0000,"CVD_BEAR (0%)",OPEN
2026-04-20T14:35:23.945067,QQQ,LONG,646.33,37.5,-365.00,0.4982,"ASK_LIFT;HIGH_VOL (117,506)",OPEN
2026-04-20T14:35:24.509340,IWM,LONG,276.20,37.5,12766.00,0.5485,"ASK_LIFT;HIGH_VOL (162,059)",OPEN
2026-04-20T14:35:25.031715,BMNU,LONG,2.15,37.5,-39604.00,0.3979,"CVD_BEAR (40%);BLOCK_SELL_IMBAL (-3);SPREAD_PENALTY (0.47%);ASK_LIFT;HIGH_VOL (698,231)",OPEN
2026-04-20T14:35:27.001815,BMNG,LONG,1.51,37.5,-2679.00,0.4795,"SPREAD_PENALTY (0.67%);ASK_LIFT;HIGH_VOL (460,323)",OPEN
2026-04-20T14:35:27.850064,ATAI,SHORT,5.11,37.5,2670.00,0.5070,"SPREAD_PENALTY (0.20%);BID_HIT;HIGH_VOL (363,248)",OPEN
2026-04-20T14:35:28.684360,AGX,LONG,575.51,39.0,23.00,0.6322,"CVD_BULL (63%)",OPEN
2026-04-20T14:37:50.208458,ASTS,SHORT,78.62,37.5,-487.00,0.4986,"SPREAD_PENALTY (4.99%);BID_HIT;HIGH_VOL (220,776)",OPEN
2026-04-20T14:39:04.474341,BBVA,LONG,23.18,58.3,3.00,1.0000,"CVD_BULL (100%);ASK_LIFT",OPEN
2026-04-20T14:40:15.306752,SPY,LONG,708.46,37.5,-3536.00,0.4892,"ASK_LIFT;HIGH_VOL (203,225)",OPEN
2026-04-20T14:40:16.113068,BMNR,LONG,22.19,37.5,3197.00,0.5127,"ASK_LIFT;HIGH_VOL (183,522)",OPEN
2026-04-20T14:40:17.132560,BITO,LONG,10.36,75.3,50124.00,0.7582,"CVD_BULL (76%);BLOCK_BUY_IMBAL (+1);ASK_LIFT;HIGH_VOL (720,084);AI_CONFIRMED (AI Auditor failed (API error))",OPEN
2026-04-20T14:40:17.987112,AAPL,LONG,273.01,37.5,-44217.00,0.4321,"BLOCK_SELL_IMBAL (-1);ASK_LIFT;HIGH_VOL (431,215)",OPEN
2026-04-20T14:40:18.606549,BB,SHORT,5.33,37.5,7448.00,0.5693,"SPREAD_PENALTY (0.19%);BID_HIT;HIGH_VOL (113,546)",OPEN
2026-04-20T14:40:19.579453,BTG,LONG,5.07,37.5,2426.00,0.5265,"SPREAD_PENALTY (0.20%);ASK_LIFT;HIGH_VOL (115,967)",OPEN
2026-04-20T14:41:31.538052,QQQ,LONG,645.66,37.5,-645.00,0.4970,"ASK_LIFT;HIGH_VOL (125,114)",OPEN
2026-04-20T14:41:32.205835,IWM,LONG,276.23,37.5,13784.00,0.5497,"ASK_LIFT;HIGH_VOL (170,041)",OPEN
2026-04-20T14:41:32.719293,BMNU,SHORT,2.13,42.7,-54034.00,0.3816,"CVD_BEAR (38%);BLOCK_SELL_IMBAL (-4);SPREAD_PENALTY (0.47%);ASK_LIFT;HIGH_VOL (997,320)",OPEN
2026-04-20T14:41:33.878859,BMNG,LONG,1.48,37.5,-3140.00,0.4794,"SPREAD_PENALTY (0.68%);ASK_LIFT;HIGH_VOL (590,353)",OPEN
2026-04-20T14:41:34.503167,ATAI,SHORT,5.18,37.5,4280.00,0.5108,"SPREAD_PENALTY (0.19%);BID_HIT;HIGH_VOL (377,138)",OPEN
2026-04-20T14:41:43.218961,AEM,LONG,213.95,49.6,279.00,0.7888,"CVD_BULL (79%);SPREAD_PENALTY (0.16%);ASK_LIFT",OPEN
2026-04-20T14:42:48.706861,ASO,LONG,56.99,52.3,527.00,0.6791,"CVD_BULL (68%);SPREAD_PENALTY (0.12%);ASK_LIFT",OPEN
2026-04-20T14:42:50.782629,ARX,SHORT,14.58,35.9,-23.00,0.0000,"CVD_BEAR (0%);SPREAD_PENALTY (0.34%);BID_HIT",OPEN
2026-04-20T14:43:09.829603,BAC,SHORT,53.40,37.6,-2410.00,0.2139,"CVD_BEAR (21%);ASK_LIFT",OPEN
2026-04-20T14:44:17.514436,BBVA,LONG,23.18,58.3,3.00,1.0000,"CVD_BULL (100%);ASK_LIFT",OPEN
2026-04-20T14:45:36.240555,SPY,LONG,708.06,37.5,-3361.00,0.4904,"ASK_LIFT;HIGH_VOL (214,967)",OPEN
2026-04-20T14:45:37.927198,BMNR,LONG,22.04,37.5,95.00,0.5004,"ASK_LIFT;HIGH_VOL (199,546)",OPEN
2026-04-20T14:45:41.044061,BITO,LONG,10.34,75.3,38974.00,0.6699,"CVD_BULL (67%);BLOCK_BUY_IMBAL (+1);ASK_LIFT;HIGH_VOL (881,707);AI_CONFIRMED (AI Auditor failed (API error))",OPEN
2026-04-20T14:45:42.257281,AAPL,LONG,272.78,37.5,-44956.00,0.4337,"BLOCK_SELL_IMBAL (-1);ASK_LIFT;HIGH_VOL (449,128)",OPEN
2026-04-20T14:45:42.998503,ASTS,SHORT,79.22,37.5,-840.00,0.4977,"SPREAD_PENALTY (0.93%);BID_HIT;HIGH_VOL (233,210)",OPEN
2026-04-20T14:45:44.621703,BTG,LONG,5.08,37.5,7554.00,0.5734,"SPREAD_PENALTY (0.20%);ASK_LIFT;HIGH_VOL (122,358)",OPEN
2026-04-20T14:46:49.612082,QQQ,LONG,645.56,37.5,-2312.00,0.4902,"ASK_LIFT;HIGH_VOL (139,813)",OPEN
2026-04-20T14:46:50.224311,IWM,LONG,276.34,37.5,12231.00,0.5416,"ASK_LIFT;HIGH_VOL (180,651)",OPEN
2026-04-20T14:46:50.789690,BMNU,SHORT,2.13,65.4,-54034.00,0.3816,"CVD_BEAR (38%);BLOCK_SELL_IMBAL (-4);SPREAD_PENALTY (0.47%);BID_HIT;HIGH_VOL (1,047,354)",OPEN
2026-04-20T14:46:52.849752,BMNG,SHORT,1.47,37.5,-5240.00,0.4665,"SPREAD_PENALTY (0.68%);BID_HIT;HIGH_VOL (596,553)",OPEN
2026-04-20T14:46:53.839677,ATAI,SHORT,5.16,37.5,7092.00,0.5169,"SPREAD_PENALTY (0.19%);BID_HIT;HIGH_VOL (401,276)",OPEN
2026-04-20T14:47:53.775591,ARX,SHORT,14.58,51.3,-23.00,0.0000,"CVD_BEAR (0%);SPREAD_PENALTY (0.14%);BID_HIT",OPEN
2026-04-20T14:49:04.180551,ASO,LONG,56.99,52.3,527.00,0.6791,"CVD_BULL (68%);SPREAD_PENALTY (0.12%);ASK_LIFT",OPEN
2026-04-20T14:50:19.956047,BBVA,LONG,23.18,58.3,3.00,1.0000,"CVD_BULL (100%);ASK_LIFT",OPEN
2026-04-20T14:51:33.117068,SPY,LONG,707.28,37.5,-5755.00,0.4852,"ASK_LIFT;HIGH_VOL (237,239)",OPEN
2026-04-20T14:51:36.796637,BMNR,LONG,21.87,37.5,809.00,0.5027,"ASK_LIFT;HIGH_VOL (226,663)",OPEN
2026-04-20T14:51:40.864851,BITO,LONG,10.30,52.7,39580.00,0.6347,"CVD_BULL (63%);BLOCK_BUY_IMBAL (+1);BID_HIT;HIGH_VOL (1,088,419)",OPEN
2026-04-20T14:51:41.623291,AAPL,LONG,272.32,37.5,-44788.00,0.4370,"BLOCK_SELL_IMBAL (-1);ASK_LIFT;HIGH_VOL (469,630)",OPEN
2026-04-20T14:51:43.285999,BTG,SHORT,5.01,37.5,1099.00,0.5088,"SPREAD_PENALTY (0.20%);BID_HIT;HIGH_VOL (144,993)",OPEN
2026-04-20T14:52:54.969200,QQQ,LONG,644.72,37.5,-4368.00,0.4842,"ASK_LIFT;HIGH_VOL (160,312)",OPEN
2026-04-20T14:52:57.713692,IWM,LONG,276.20,37.5,11390.00,0.5339,"ASK_LIFT;HIGH_VOL (204,153)",OPEN
2026-04-20T14:52:59.858210,BMNU,SHORT,2.10,42.2,-58871.00,0.3830,"CVD_BEAR (38%);BLOCK_SELL_IMBAL (-4);SPREAD_PENALTY (0.48%);HIGH_VOL (1,166,415)",OPEN
2026-04-20T14:53:01.793691,BMNG,SHORT,1.45,37.5,-140.00,0.4992,"SPREAD_PENALTY (0.69%);BID_HIT;HIGH_VOL (716,165)",OPEN
2026-04-20T14:53:02.332801,ATAI,SHORT,5.14,37.5,7896.00,0.5182,"SPREAD_PENALTY (0.19%);BID_HIT;HIGH_VOL (414,228)",OPEN
2026-04-20T14:54:11.948895,ASTS,SHORT,78.62,37.5,-346.00,0.4991,"SPREAD_PENALTY (1.62%);BID_HIT;HIGH_VOL (245,932)",OPEN
2026-04-20T14:54:13.270568,ASO,LONG,56.99,52.3,527.00,0.6791,"CVD_BULL (68%);SPREAD_PENALTY (0.12%);ASK_LIFT",OPEN
2026-04-20T14:55:28.534370,BBVA,LONG,23.18,58.3,3.00,1.0000,"CVD_BULL (100%);ASK_LIFT",OPEN
2026-04-20T14:56:39.419256,SPY,LONG,707.02,37.5,-2690.00,0.4939,"ASK_LIFT;HIGH_VOL (267,776)",OPEN
2026-04-20T14:56:41.457190,BMNR,LONG,21.77,37.5,446.00,0.5013,"ASK_LIFT;HIGH_VOL (252,195)",OPEN
2026-04-20T14:56:43.507258,BITO,LONG,10.29,75.2,36747.00,0.6174,"CVD_BULL (62%);BLOCK_BUY_IMBAL (+1);ASK_LIFT;HIGH_VOL (1,201,735);AI_CONFIRMED (AI Auditor failed (API error))",OPEN
2026-04-20T14:56:45.132464,AAPL,SHORT,272.26,37.5,-47149.00,0.4359,"BLOCK_SELL_IMBAL (-1);SPREAD_PENALTY (0.54%);BID_HIT;HIGH_VOL (484,688)",OPEN
2026-04-20T14:56:46.469437,BTG,LONG,5.03,37.5,1610.00,0.5123,"SPREAD_PENALTY (0.20%);ASK_LIFT;HIGH_VOL (153,831)",OPEN
2026-04-20T14:56:47.729229,BAC,LONG,53.23,37.5,109.00,0.5010,"ASK_LIFT;HIGH_VOL (102,795)",OPEN
2026-04-20T14:57:56.603409,QQQ,LONG,644.36,37.5,-3408.00,0.4894,"ASK_LIFT;HIGH_VOL (186,552)",OPEN
2026-04-20T14:59:06.622249,IWM,LONG,276.00,37.5,8419.00,0.5231,"ASK_LIFT;HIGH_VOL (225,435)",OPEN
2026-04-20T14:59:07.558552,BMNU,SHORT,2.08,82.5,-121998.00,0.3152,"CVD_BEAR (32%);BLOCK_SELL_IMBAL (-7);SPREAD_PENALTY (0.48%);BID_HIT;HIGH_VOL (1,398,693);AI_CONFIRMED (AI Auditor failed (API error))",OPEN
2026-04-20T14:59:08.448739,BMNG,LONG,1.44,37.5,-2440.00,0.4864,"SPREAD_PENALTY (0.70%);ASK_LIFT;HIGH_VOL (825,860)",OPEN
2026-04-20T14:59:09.160231,ATAI,SHORT,5.12,37.5,-5693.00,0.4882,"SPREAD_PENALTY (0.20%);BID_HIT;HIGH_VOL (454,591)",OPEN
2026-04-20T15:00:20.178728,ASTS,LONG,77.81,37.5,-453.00,0.4989,"ASK_LIFT;HIGH_VOL (255,234)",OPEN
2026-04-20T15:02:55.453015,SPY,LONG,707.13,37.5,-6461.00,0.4864,"ASK_LIFT;HIGH_VOL (285,467)",OPEN
2026-04-20T15:02:56.954222,QQQ,LONG,644.10,37.5,-1289.00,0.4966,"ASK_LIFT;HIGH_VOL (224,311)",OPEN
2026-04-20T15:02:59.101658,BMNR,LONG,21.80,37.5,2031.00,0.5059,"ASK_LIFT;HIGH_VOL (263,754)",OPEN
2026-04-20T15:03:00.177059,BITO,LONG,10.29,75.2,36747.00,0.6174,"CVD_BULL (62%);BLOCK_BUY_IMBAL (+1);ASK_LIFT;HIGH_VOL (1,327,714);AI_CONFIRMED (AI Auditor failed (API error))",OPEN
2026-04-20T15:03:01.367307,AAPL,LONG,272.23,37.5,-48215.00,0.4367,"BLOCK_SELL_IMBAL (-1);ASK_LIFT;HIGH_VOL (499,679)",OPEN
2026-04-20T15:03:02.379525,BTG,SHORT,4.99,37.5,835.00,0.5063,"SPREAD_PENALTY (0.20%);BID_HIT;HIGH_VOL (154,625)",OPEN
2026-04-20T15:03:05.046525,BAC,LONG,53.41,37.5,5610.00,0.5395,"ASK_LIFT;HIGH_VOL (125,090)",OPEN
2026-04-20T15:04:17.130383,IWM,LONG,275.91,37.5,7817.00,0.5202,"ASK_LIFT;HIGH_VOL (239,633)",OPEN
2026-04-20T15:04:17.748887,BMNU,LONG,2.07,37.5,-126240.00,0.3112,"CVD_BEAR (31%);BLOCK_SELL_IMBAL (-7);SPREAD_PENALTY (0.97%);ASK_LIFT;HIGH_VOL (1,405,393)",OPEN
2026-04-20T15:04:18.341850,BMNG,SHORT,1.43,37.5,-8821.00,0.4540,"SPREAD_PENALTY (0.70%);BID_HIT;HIGH_VOL (832,241)",OPEN
2026-04-20T15:04:19.067145,ATAI,SHORT,5.08,37.5,-5188.00,0.4897,"SPREAD_PENALTY (0.20%);BID_HIT;HIGH_VOL (470,414)",OPEN
2026-04-20T15:06:37.164187,ASTS,SHORT,77.36,37.5,-778.00,0.4981,"SPREAD_PENALTY (6.58%);BID_HIT;HIGH_VOL (265,865)",OPEN
2026-04-20T15:09:01.868927,SPY,LONG,706.61,37.5,-6393.00,0.4882,"ASK_LIFT;HIGH_VOL (334,148)",OPEN
2026-04-20T15:09:02.588132,QQQ,LONG,643.24,37.5,-4369.00,0.4901,"ASK_LIFT;HIGH_VOL (258,438)",OPEN
2026-04-20T15:09:03.551105,BMNR,LONG,21.66,37.5,1508.00,0.5041,"ASK_LIFT;HIGH_VOL (279,918)",OPEN
2026-04-20T15:09:04.597791,BITO,LONG,10.27,37.5,19649.00,0.5461,"BLOCK_BUY_IMBAL (+1);ASK_LIFT;HIGH_VOL (1,576,246)",OPEN
2026-04-20T15:09:05.405334,AAPL,SHORT,271.91,37.5,-49559.00,0.4373,"BLOCK_SELL_IMBAL (-1);SPREAD_PENALTY (0.66%);BID_HIT;HIGH_VOL (519,357)",OPEN
2026-04-20T15:09:06.422501,BTG,SHORT,4.99,37.5,835.00,0.5063,"SPREAD_PENALTY (0.20%);BID_HIT;HIGH_VOL (154,625)",OPEN
2026-04-20T15:09:07.301255,BAC,LONG,53.51,37.5,3604.00,0.5203,"ASK_LIFT;HIGH_VOL (162,871)",OPEN
2026-04-20T15:10:17.507070,IWM,LONG,275.70,37.5,6123.00,0.5149,"ASK_LIFT;HIGH_VOL (254,871)",OPEN
2026-04-20T15:10:18.351186,BMNG,LONG,1.43,37.5,-8821.00,0.4540,"SPREAD_PENALTY (0.70%);ASK_LIFT;HIGH_VOL (980,147)",OPEN
2026-04-20T15:10:19.112888,ATAI,LONG,5.04,37.5,-6169.00,0.4884,"SPREAD_PENALTY (0.20%);ASK_LIFT;HIGH_VOL (499,859)",OPEN
2026-04-20T15:12:41.875549,ASTS,SHORT,77.18,37.5,-34.00,0.4999,"SPREAD_PENALTY (4.89%);BID_HIT;HIGH_VOL (278,002)",OPEN
2026-04-20T15:15:11.505900,SPY,LONG,706.67,37.5,-6086.00,0.4892,"ASK_LIFT;HIGH_VOL (347,957)",OPEN
2026-04-20T15:15:12.293636,QQQ,LONG,643.77,37.5,-1812.00,0.4961,"ASK_LIFT;HIGH_VOL (269,612)",OPEN
2026-04-20T15:15:13.395601,BMNR,LONG,21.66,37.5,1508.00,0.5041,"ASK_LIFT;HIGH_VOL (279,918)",OPEN
2026-04-20T15:15:13.881375,BITO,LONG,10.27,37.5,19649.00,0.5461,"BLOCK_BUY_IMBAL (+1);ASK_LIFT;HIGH_VOL (1,576,246)",OPEN
2026-04-20T15:15:14.460125,AAPL,LONG,271.96,37.5,-49224.00,0.4395,"BLOCK_SELL_IMBAL (-1);ASK_LIFT;HIGH_VOL (532,314)",OPEN
2026-04-20T15:15:15.493036,BTG,SHORT,4.99,37.5,835.00,0.5063,"SPREAD_PENALTY (0.20%);BID_HIT;HIGH_VOL (154,625)",OPEN
2026-04-20T15:15:16.346437,BAC,LONG,53.48,37.5,2196.00,0.5113,"ASK_LIFT;HIGH_VOL (178,913)",OPEN
2026-04-20T15:16:26.952758,IWM,LONG,275.78,37.5,4914.00,0.5110,"ASK_LIFT;HIGH_VOL (276,229)",OPEN
2026-04-20T15:16:27.673137,BMNG,LONG,1.43,37.5,-8821.00,0.4540,"SPREAD_PENALTY (0.70%);ASK_LIFT;HIGH_VOL (980,147)",OPEN
2026-04-20T15:16:28.313137,ATAI,SHORT,5.05,37.5,-5153.00,0.4904,"SPREAD_PENALTY (0.20%);BID_HIT;HIGH_VOL (505,573)",OPEN
2026-04-20T15:20:28.158170,SPY,LONG,706.92,37.5,-5796.00,0.4900,"ASK_LIFT;HIGH_VOL (357,239)",OPEN
2026-04-20T15:20:29.022972,QQQ,LONG,644.12,37.5,-1531.00,0.4967,"ASK_LIFT;HIGH_VOL (271,911)",OPEN
2026-04-20T15:20:29.691189,BMNR,LONG,21.66,37.5,1508.00,0.5041,"ASK_LIFT;HIGH_VOL (279,918)",OPEN
2026-04-20T15:20:30.315026,BITO,LONG,10.27,37.5,19649.00,0.5461,"BLOCK_BUY_IMBAL (+1);ASK_LIFT;HIGH_VOL (1,576,246)",OPEN
2026-04-20T15:20:31.345589,AAPL,LONG,271.97,37.5,-49305.00,0.4409,"BLOCK_SELL_IMBAL (-1);ASK_LIFT;HIGH_VOL (545,050)",OPEN
2026-04-20T15:20:31.926203,ASTS,SHORT,77.86,37.5,2724.00,0.5061,"SPREAD_PENALTY (4.00%);BID_HIT;HIGH_VOL (290,432)",OPEN
2026-04-20T15:20:32.911907,BAC,LONG,53.49,37.5,1831.00,0.5090,"ASK_LIFT;HIGH_VOL (192,999)",OPEN
2026-04-20T15:21:44.264167,IWM,LONG,276.58,37.5,3963.00,0.5084,"ASK_LIFT;HIGH_VOL (291,028)",OPEN
2026-04-20T15:21:45.947389,BMNG,LONG,1.43,37.5,-8821.00,0.4540,"SPREAD_PENALTY (0.70%);ASK_LIFT;HIGH_VOL (980,147)",OPEN
2026-04-20T15:21:46.556941,ATAI,LONG,5.13,37.5,-2352.00,0.4957,"SPREAD_PENALTY (0.19%);ASK_LIFT;HIGH_VOL (510,266)",OPEN
2026-04-20T15:24:23.771793,AWR,LONG,79.03,39.0,30.00,1.0000,"CVD_BULL (100%)",OPEN
2026-04-20T15:25:27.528838,BMNU,SHORT,2.14,54.9,-112062.00,0.3422,"CVD_BEAR (34%);BLOCK_SELL_IMBAL (-6);SPREAD_PENALTY (0.47%);ASK_LIFT;HIGH_VOL (1,447,940)",OPEN
2026-04-20T15:26:36.920945,SPY,LONG,708.10,37.5,1809.00,0.5028,"ASK_LIFT;HIGH_VOL (394,543)",OPEN
2026-04-20T15:26:38.165626,QQQ,LONG,645.32,37.5,-1184.00,0.4975,"ASK_LIFT;HIGH_VOL (280,534)",OPEN
2026-04-20T15:26:43.176303,BMNR,LONG,22.18,37.5,2706.00,0.5072,"ASK_LIFT;HIGH_VOL (282,002)",OPEN
2026-04-20T15:26:43.788666,BITO,LONG,10.37,37.5,18124.00,0.5416,"BLOCK_BUY_IMBAL (+1);ASK_LIFT;HIGH_VOL (1,660,321)",OPEN
2026-04-20T15:26:44.805462,AAPL,LONG,272.85,37.5,-47408.00,0.4458,"BLOCK_SELL_IMBAL (-1);ASK_LIFT;HIGH_VOL (567,717)",OPEN
2026-04-20T15:26:45.293411,ASTS,LONG,78.58,37.5,4470.00,0.5097,"SPREAD_PENALTY (4.66%);ASK_LIFT;HIGH_VOL (296,475)",OPEN
2026-04-20T15:26:46.134428,BAC,LONG,53.49,37.5,1831.00,0.5090,"ASK_LIFT;HIGH_VOL (192,999)",OPEN
2026-04-20T15:27:54.799972,IWM,LONG,276.90,37.5,2648.00,0.5053,"ASK_LIFT;HIGH_VOL (305,685)",OPEN
2026-04-20T15:27:56.077600,ATAI,LONG,5.17,37.5,-2499.00,0.4955,"SPREAD_PENALTY (0.19%);ASK_LIFT;HIGH_VOL (518,883)",OPEN
2026-04-20T15:30:18.577659,AWR,LONG,79.03,39.0,30.00,1.0000,"CVD_BULL (100%)",OPEN
2026-04-20T15:31:30.111082,BMNU,SHORT,2.16,55.2,-97962.00,0.3673,"CVD_BEAR (37%);BLOCK_SELL_IMBAL (-6);SPREAD_PENALTY (0.46%);ASK_LIFT;HIGH_VOL (1,571,252)",OPEN
2026-04-20T15:32:44.898444,SPY,LONG,707.79,37.5,1070.00,0.5016,"ASK_LIFT;HIGH_VOL (415,398)",OPEN
2026-04-20T15:32:45.666711,QQQ,LONG,645.08,37.5,-1900.00,0.4962,"ASK_LIFT;HIGH_VOL (289,497)",OPEN
2026-04-20T15:32:46.366953,BMNR,LONG,22.20,37.5,2772.00,0.5074,"ASK_LIFT;HIGH_VOL (283,342)",OPEN
2026-04-20T15:32:46.885485,BITO,LONG,10.38,37.5,21833.00,0.5466,"BLOCK_BUY_IMBAL (+1);ASK_LIFT;HIGH_VOL (1,772,562)",OPEN
2026-04-20T15:32:47.385435,AAPL,LONG,272.70,37.5,-47048.00,0.4481,"BLOCK_SELL_IMBAL (-1);ASK_LIFT;HIGH_VOL (585,993)",OPEN
2026-04-20T15:32:48.155948,BAC,LONG,53.49,37.5,1831.00,0.5090,"ASK_LIFT;HIGH_VOL (192,999)",OPEN
2026-04-20T15:33:59.238097,IWM,LONG,277.00,37.5,4845.00,0.5094,"ASK_LIFT;HIGH_VOL (315,003)",OPEN
2026-04-20T15:34:00.126339,ATAI,SHORT,5.17,37.5,-1816.00,0.4968,"SPREAD_PENALTY (0.19%);BID_HIT;HIGH_VOL (537,508)",OPEN
2026-04-20T15:35:11.858132,ASTS,LONG,78.31,37.5,3883.00,0.5080,"SPREAD_PENALTY (0.11%);ASK_LIFT;HIGH_VOL (311,010)",OPEN
2026-04-20T15:36:23.058966,AWR,LONG,79.03,39.0,30.00,1.0000,"CVD_BULL (100%)",OPEN
2026-04-20T15:37:29.663643,BMNU,SHORT,2.16,55.2,-97962.00,0.3673,"CVD_BEAR (37%);BLOCK_SELL_IMBAL (-6);SPREAD_PENALTY (0.46%);ASK_LIFT;HIGH_VOL (1,571,252)",OPEN
2026-04-20T15:38:42.273407,SPY,LONG,707.56,37.5,1182.00,0.5017,"ASK_LIFT;HIGH_VOL (423,707)",OPEN
2026-04-20T15:38:42.990974,QQQ,LONG,644.80,37.5,-1696.00,0.4966,"ASK_LIFT;HIGH_VOL (294,636)",OPEN
2026-04-20T15:38:43.596388,BMNR,LONG,22.20,37.5,2772.00,0.5074,"ASK_LIFT;HIGH_VOL (283,342)",OPEN
2026-04-20T15:38:44.115257,BITO,LONG,10.38,37.5,21833.00,0.5466,"BLOCK_BUY_IMBAL (+1);ASK_LIFT;HIGH_VOL (1,772,562)",OPEN
2026-04-20T15:38:44.599502,AAPL,LONG,272.55,37.5,-45974.00,0.4510,"BLOCK_SELL_IMBAL (-1);ASK_LIFT;HIGH_VOL (606,036)",OPEN
2026-04-20T15:39:56.854060,IWM,LONG,276.99,37.5,4955.00,0.5094,"ASK_LIFT;HIGH_VOL (320,370)",OPEN
2026-04-20T15:39:57.798071,ATAI,SHORT,5.17,37.5,-306.00,0.4995,"SPREAD_PENALTY (0.19%);BID_HIT;HIGH_VOL (548,264)",OPEN
2026-04-20T15:42:22.030392,ASTS,LONG,79.08,37.5,4295.00,0.5086,"SPREAD_PENALTY (0.13%);ASK_LIFT;HIGH_VOL (319,811)",OPEN
2026-04-20T15:42:23.077757,AWR,LONG,79.03,39.0,30.00,1.0000,"CVD_BULL (100%)",OPEN
2026-04-20T15:43:30.352950,BMNU,SHORT,2.16,55.2,-97962.00,0.3673,"CVD_BEAR (37%);BLOCK_SELL_IMBAL (-6);SPREAD_PENALTY (0.46%);ASK_LIFT;HIGH_VOL (1,571,252)",OPEN
2026-04-20T15:44:41.435208,SPY,LONG,707.57,37.5,387.00,0.5005,"ASK_LIFT;HIGH_VOL (431,587)",OPEN
2026-04-20T15:44:42.048710,QQQ,LONG,644.58,37.5,-2053.00,0.4960,"ASK_LIFT;HIGH_VOL (297,813)",OPEN
2026-04-20T15:44:42.592344,BMNR,LONG,22.20,37.5,2772.00,0.5074,"ASK_LIFT;HIGH_VOL (283,342)",OPEN
2026-04-20T15:44:43.019487,BITO,LONG,10.38,37.5,21833.00,0.5466,"BLOCK_BUY_IMBAL (+1);ASK_LIFT;HIGH_VOL (1,772,562)",OPEN
2026-04-20T15:44:43.522734,AAPL,LONG,272.37,37.5,-47508.00,0.4504,"BLOCK_SELL_IMBAL (-1);ASK_LIFT;HIGH_VOL (619,628)",OPEN
2026-04-20T15:45:51.561327,IWM,LONG,276.91,37.5,3563.00,0.5066,"ASK_LIFT;HIGH_VOL (328,232)",OPEN
2026-04-20T15:45:52.124655,ATAI,LONG,5.17,37.5,8.00,0.5000,"SPREAD_PENALTY (0.19%);ASK_LIFT;HIGH_VOL (558,804)",OPEN
2026-04-20T15:48:10.028589,ASTS,SHORT,79.42,37.5,6382.00,0.5122,"SPREAD_PENALTY (3.94%);BID_HIT;HIGH_VOL (335,243)",OPEN
2026-04-20T15:50:32.153634,SPY,LONG,707.29,37.5,154.00,0.5002,"ASK_LIFT;HIGH_VOL (436,166)",OPEN
2026-04-20T15:50:32.748903,QQQ,LONG,644.33,37.5,-2397.00,0.4954,"ASK_LIFT;HIGH_VOL (302,726)",OPEN
2026-04-20T15:50:33.326299,AAPL,LONG,272.26,37.5,-48354.00,0.4504,"BLOCK_SELL_IMBAL (-1);ASK_LIFT;HIGH_VOL (630,033)",OPEN
2026-04-20T15:51:45.029662,IWM,LONG,276.93,37.5,-8494.00,0.4853,"ASK_LIFT;HIGH_VOL (357,123)",OPEN
2026-04-20T15:51:45.649013,ATAI,LONG,5.24,37.5,1943.00,0.5032,"SPREAD_PENALTY (0.19%);ASK_LIFT;HIGH_VOL (579,308)",OPEN
2026-04-20T15:55:16.984254,ASTS,SHORT,78.99,37.5,6814.00,0.5128,"SPREAD_PENALTY (4.53%);BID_HIT;HIGH_VOL (340,171)",OPEN
2026-04-20T15:56:28.746666,SPY,LONG,707.71,37.5,268.00,0.5004,"ASK_LIFT;HIGH_VOL (447,130)",OPEN
2026-04-20T15:56:29.721274,QQQ,LONG,644.81,37.5,-1870.00,0.4965,"ASK_LIFT;HIGH_VOL (308,452)",OPEN
2026-04-20T15:56:30.369124,AAPL,LONG,272.80,37.5,-46101.00,0.4536,"BLOCK_SELL_IMBAL (-1);ASK_LIFT;HIGH_VOL (642,266)",OPEN
2026-04-20T15:57:38.488316,IWM,LONG,277.02,37.5,-9387.00,0.4840,"ASK_LIFT;HIGH_VOL (360,384)",OPEN
2026-04-20T15:57:39.037350,ATAI,LONG,5.29,37.5,2415.00,0.5039,"SPREAD_PENALTY (0.19%);ASK_LIFT;HIGH_VOL (589,054)",OPEN
2026-04-20T16:01:18.142540,ASTS,SHORT,79.23,37.5,6425.00,0.5119,"SPREAD_PENALTY (1.06%);BID_HIT;HIGH_VOL (344,687)",OPEN
2026-04-20T16:02:29.638725,SPY,LONG,707.26,37.5,-3105.00,0.4958,"ASK_LIFT;HIGH_VOL (458,577)",OPEN
2026-04-20T16:02:30.104251,QQQ,LONG,644.41,37.5,-4763.00,0.4913,"ASK_LIFT;HIGH_VOL (319,253)",OPEN
2026-04-20T16:02:30.742063,AAPL,LONG,272.54,37.5,-46935.00,0.4535,"BLOCK_SELL_IMBAL (-1);ASK_LIFT;HIGH_VOL (653,766)",OPEN
2026-04-20T16:03:40.935574,IWM,LONG,276.72,37.5,-9191.00,0.4846,"ASK_LIFT;HIGH_VOL (366,764)",OPEN
2026-04-20T16:03:41.682465,ATAI,LONG,5.27,37.5,1813.00,0.5029,"SPREAD_PENALTY (0.19%);ASK_LIFT;HIGH_VOL (599,703)",OPEN
2026-04-20T16:07:33.435573,SPY,LONG,707.38,37.5,-848.00,0.4989,"ASK_LIFT;HIGH_VOL (468,299)",OPEN
2026-04-20T16:07:34.533250,QQQ,LONG,644.80,37.5,-4036.00,0.4927,"ASK_LIFT;HIGH_VOL (322,798)",OPEN
2026-04-20T16:07:35.222458,AAPL,LONG,272.55,37.5,-48353.00,0.4530,"BLOCK_SELL_IMBAL (-1);ASK_LIFT;HIGH_VOL (666,469)",OPEN
2026-04-20T16:07:35.871326,ASTS,LONG,79.00,37.5,5915.00,0.5108,"SPREAD_PENALTY (5.17%);ASK_LIFT;HIGH_VOL (350,439)",OPEN
2026-04-20T16:08:52.839366,IWM,LONG,276.80,37.5,-9274.00,0.4846,"ASK_LIFT;HIGH_VOL (370,032)",OPEN
2026-04-20T16:08:54.208008,ATAI,LONG,5.29,37.5,-665.00,0.4990,"SPREAD_PENALTY (0.19%);ASK_LIFT;HIGH_VOL (617,313)",OPEN
2026-04-20T16:12:50.861278,SPY,LONG,707.68,37.5,-610.00,0.4992,"ASK_LIFT;HIGH_VOL (472,433)",OPEN
2026-04-20T16:12:52.461128,QQQ,LONG,645.15,37.5,-3052.00,0.4946,"ASK_LIFT;HIGH_VOL (328,774)",OPEN
2026-04-20T16:12:53.335367,AAPL,LONG,272.35,37.5,-50377.00,0.4520,"BLOCK_SELL_IMBAL (-1);ASK_LIFT;HIGH_VOL (678,466)",OPEN
2026-04-20T16:12:54.271243,ASTS,SHORT,78.83,37.5,3847.00,0.5069,"SPREAD_PENALTY (1.45%);BID_HIT;HIGH_VOL (355,077)",OPEN
2026-04-20T16:14:14.389505,IWM,LONG,276.87,37.5,-8232.00,0.4865,"ASK_LIFT;HIGH_VOL (375,389)",OPEN
2026-04-20T16:14:15.435577,ATAI,LONG,5.29,37.5,1619.00,0.5024,"SPREAD_PENALTY (0.19%);ASK_LIFT;HIGH_VOL (645,308)",OPEN
2026-04-20T16:17:52.645042,SPY,LONG,707.22,37.5,-1114.00,0.4986,"ASK_LIFT;HIGH_VOL (478,680)",OPEN
2026-04-20T16:17:53.359093,QQQ,LONG,644.78,37.5,-2872.00,0.4950,"ASK_LIFT;HIGH_VOL (330,714)",OPEN
2026-04-20T16:17:54.219340,AAPL,LONG,272.36,37.5,-50111.00,0.4528,"BLOCK_SELL_IMBAL (-1);ASK_LIFT;HIGH_VOL (687,643)",OPEN
2026-04-20T16:17:55.036463,ASTS,SHORT,78.89,37.5,4086.00,0.5072,"SPREAD_PENALTY (1.44%);BID_HIT;HIGH_VOL (359,742)",OPEN
2026-04-20T16:20:14.515082,IWM,LONG,276.75,37.5,-8530.00,0.4862,"ASK_LIFT;HIGH_VOL (380,251)",OPEN
2026-04-20T16:20:15.302031,ATAI,SHORT,5.23,37.5,477.00,0.5007,"SPREAD_PENALTY (0.19%);BID_HIT;HIGH_VOL (654,233)",OPEN
2026-04-20T16:23:50.136666,SPY,LONG,707.70,37.5,-794.00,0.4990,"ASK_LIFT;HIGH_VOL (485,945)",OPEN
2026-04-20T16:23:51.525817,QQQ,LONG,645.21,37.5,-2441.00,0.4958,"ASK_LIFT;HIGH_VOL (334,921)",OPEN
2026-04-20T16:23:52.186390,AAPL,LONG,272.41,37.5,-49687.00,0.4541,"BLOCK_SELL_IMBAL (-1);ASK_LIFT;HIGH_VOL (700,248)",OPEN
2026-04-20T16:23:52.844025,ASTS,SHORT,78.93,37.5,3906.00,0.5068,"SPREAD_PENALTY (1.36%);BID_HIT;HIGH_VOL (365,164)",OPEN
2026-04-20T16:25:18.873756,IWM,LONG,276.63,37.5,-8577.00,0.4862,"ASK_LIFT;HIGH_VOL (382,132)",OPEN
2026-04-20T16:25:19.624533,ATAI,SHORT,5.17,37.5,-2291.00,0.4966,"SPREAD_PENALTY (0.19%);BID_HIT;HIGH_VOL (660,717)",OPEN
2026-04-20T16:28:51.991905,SPY,LONG,707.78,37.5,-774.00,0.4990,"ASK_LIFT;HIGH_VOL (488,747)",OPEN
2026-04-20T16:28:57.439657,QQQ,LONG,645.22,37.5,-2183.00,0.4962,"ASK_LIFT;HIGH_VOL (337,238)",OPEN
2026-04-20T16:28:58.124159,AAPL,LONG,272.56,37.5,-48153.00,0.4561,"BLOCK_SELL_IMBAL (-1);ASK_LIFT;HIGH_VOL (711,287)",OPEN
2026-04-20T16:29:04.042249,ASTS,SHORT,78.72,37.5,3699.00,0.5063,"SPREAD_PENALTY (1.64%);BID_HIT;HIGH_VOL (373,270)",OPEN
2026-04-20T16:30:47.192880,IWM,LONG,276.62,37.5,-9280.00,0.4852,"ASK_LIFT;HIGH_VOL (384,843)",OPEN
2026-04-20T16:32:18.694597,ATAI,LONG,5.13,37.5,109.00,0.5002,"SPREAD_PENALTY (0.20%);ASK_LIFT;HIGH_VOL (674,453)",OPEN
2026-04-20T16:34:02.403613,SPY,LONG,707.98,37.5,-407.00,0.4995,"ASK_LIFT;HIGH_VOL (491,686)",OPEN
2026-04-20T16:34:03.177545,QQQ,LONG,645.45,37.5,-1509.00,0.4974,"ASK_LIFT;HIGH_VOL (338,754)",OPEN
2026-04-20T16:34:03.761580,AAPL,LONG,272.74,37.5,-47541.00,0.4569,"BLOCK_SELL_IMBAL (-1);ASK_LIFT;HIGH_VOL (714,667)",OPEN
2026-04-20T16:36:25.244498,IWM,LONG,276.43,37.5,-11292.00,0.4822,"ASK_LIFT;HIGH_VOL (406,553)",OPEN
2026-04-20T16:37:32.722829,ATAI,LONG,5.13,37.5,109.00,0.5002,"SPREAD_PENALTY (0.20%);ASK_LIFT;HIGH_VOL (674,453)",OPEN
2026-04-20T16:38:40.988554,BAC,SHORT,53.69,37.6,-514.00,0.0000,"CVD_BEAR (0%);ASK_LIFT",OPEN
2026-04-20T16:38:45.711955,AMPX,LONG,19.74,46.3,287.00,0.6320,"CVD_BULL (63%);SPREAD_PENALTY (0.20%);ASK_LIFT",OPEN
2026-04-20T16:38:46.645485,ARCO,LONG,9.66,53.7,47.00,0.6911,"CVD_BULL (69%);SPREAD_PENALTY (0.10%);ASK_LIFT",OPEN
2026-04-20T16:39:49.920788,SPY,LONG,707.53,37.5,-1771.00,0.4978,"ASK_LIFT;HIGH_VOL (504,837)",OPEN
2026-04-20T16:39:50.856282,QQQ,LONG,645.04,37.5,-2800.00,0.4953,"ASK_LIFT;HIGH_VOL (342,370)",OPEN
2026-04-20T16:39:51.470033,AAPL,LONG,272.74,37.5,-47541.00,0.4569,"BLOCK_SELL_IMBAL (-1);ASK_LIFT;HIGH_VOL (714,667)",OPEN
2026-04-20T16:39:54.648454,BMNR,LONG,22.14,58.1,297.00,0.7952,"CVD_BULL (80%);ASK_LIFT",OPEN
2026-04-20T16:39:57.052712,BITO,LONG,10.35,54.3,5870.00,1.0000,"CVD_BULL (100%);ASK_LIFT",OPEN
2026-04-20T16:39:58.570073,BBAI,SHORT,3.74,41.5,-412.00,0.0000,"CVD_BEAR (0%);SPREAD_PENALTY (0.27%);BID_HIT",OPEN
2026-04-20T16:41:14.197592,BB,SHORT,5.56,48.0,-5324.00,0.0534,"CVD_BEAR (5%);SPREAD_PENALTY (0.18%);BID_HIT",OPEN
2026-04-20T16:42:34.996146,IWM,LONG,276.61,37.5,-10024.00,0.4849,"ASK_LIFT;HIGH_VOL (427,769)",OPEN
2026-04-20T16:42:35.613396,ATAI,LONG,5.13,37.5,109.00,0.5002,"SPREAD_PENALTY (0.20%);ASK_LIFT;HIGH_VOL (674,453)",OPEN
2026-04-20T16:43:47.181021,BAC,LONG,53.76,60.1,1942.00,0.6220,"CVD_BULL (62%);ASK_LIFT",OPEN
2026-04-20T16:44:56.019339,SPY,LONG,707.69,37.5,-693.00,0.4992,"ASK_LIFT;HIGH_VOL (508,656)",OPEN
2026-04-20T16:44:56.520260,QQQ,LONG,645.37,37.5,-3054.00,0.4949,"ASK_LIFT;HIGH_VOL (345,486)",OPEN
2026-04-20T16:44:57.223998,AAPL,LONG,272.74,37.5,-47541.00,0.4569,"BLOCK_SELL_IMBAL (-1);ASK_LIFT;HIGH_VOL (714,667)",OPEN
2026-04-20T16:44:59.425360,BMNR,LONG,22.23,54.8,2483.00,0.8893,"CVD_BULL (89%);ASK_LIFT",OPEN
2026-04-20T16:45:00.776565,BITO,LONG,10.36,69.3,11292.00,0.9748,"CVD_BULL (97%);ASK_LIFT;HIGH_VOL (301,480)",OPEN
2026-04-20T16:46:14.527274,BBD,LONG,4.20,43.6,1878.00,1.0000,"CVD_BULL (100%);SPREAD_PENALTY (0.24%);ASK_LIFT",OPEN
2026-04-20T16:47:23.296143,BMNG,SHORT,1.50,37.5,-4180.00,0.2327,"CVD_BEAR (23%);SPREAD_PENALTY (0.66%);BID_HIT;HIGH_VOL (105,215)",OPEN
2026-04-20T16:48:35.348702,IWM,LONG,276.71,37.5,-7687.00,0.4887,"ASK_LIFT;HIGH_VOL (449,840)",OPEN
2026-04-20T16:48:36.030754,ATAI,LONG,5.13,37.5,109.00,0.5002,"SPREAD_PENALTY (0.20%);ASK_LIFT;HIGH_VOL (674,453)",OPEN
2026-04-20T16:49:47.936340,BB,SHORT,5.51,47.9,-10876.00,0.1659,"CVD_BEAR (17%);SPREAD_PENALTY (0.18%);BID_HIT",OPEN
2026-04-20T16:49:48.582126,BAC,LONG,53.76,60.1,3528.00,0.6424,"CVD_BULL (64%);ASK_LIFT",OPEN
2026-04-20T16:49:51.892677,BBAI,SHORT,3.75,41.5,-445.00,0.2782,"CVD_BEAR (28%);SPREAD_PENALTY (0.27%);BID_HIT",OPEN
2026-04-20T16:51:03.900008,SPY,LONG,707.60,37.5,-1051.00,0.4987,"ASK_LIFT;HIGH_VOL (513,271)",OPEN
2026-04-20T16:51:04.472315,QQQ,LONG,645.11,37.5,-3136.00,0.4948,"ASK_LIFT;HIGH_VOL (347,570)",OPEN
2026-04-20T16:51:05.056515,AAPL,LONG,272.74,37.5,-47541.00,0.4569,"BLOCK_SELL_IMBAL (-1);ASK_LIFT;HIGH_VOL (714,667)",OPEN
2026-04-20T16:51:05.956752,BMNR,LONG,22.17,54.7,2183.00,0.7058,"CVD_BULL (71%);ASK_LIFT",OPEN
2026-04-20T16:51:07.122413,BITO,LONG,10.35,75.3,27125.00,0.9153,"CVD_BULL (92%);BLOCK_BUY_IMBAL (+1);ASK_LIFT;HIGH_VOL (445,579);AI_CONFIRMED (AI Auditor failed (API error))",OPEN
2026-04-20T16:59:55.410886,SPY,SHORT,707.64,38.7,-80.00,0.3947,"CVD_BEAR (39%);ASK_LIFT",OPEN
2026-04-20T16:59:57.025584,QQQ,LONG,645.14,61.0,123.00,0.6904,"CVD_BULL (69%);ASK_LIFT",OPEN
2026-04-20T16:59:57.969975,IWM,LONG,276.45,61.0,427.00,0.9098,"CVD_BULL (91%);ASK_LIFT",OPEN
2026-04-20T17:00:07.996558,BAC,LONG,53.81,60.1,395.00,1.0000,"CVD_BULL (100%);ASK_LIFT",OPEN
2026-04-20T17:00:12.540175,BMNR,LONG,22.11,58.1,100.00,1.0000,"CVD_BULL (100%);ASK_LIFT",OPEN
2026-04-20T17:01:17.681075,BB,LONG,5.46,47.8,64.00,1.0000,"CVD_BULL (100%);SPREAD_PENALTY (0.18%);ASK_LIFT",OPEN
2026-04-20T17:01:24.434344,AEHR,LONG,89.34,39.0,17.00,1.0000,"CVD_BULL (100%)",OPEN
2026-04-20T17:03:48.351838,AMPX,SHORT,19.55,46.2,-847.00,0.3885,"CVD_BEAR (39%);SPREAD_PENALTY (0.20%);BID_HIT",OPEN
2026-04-20T17:03:49.651239,ACLS,LONG,130.46,47.1,329.00,0.9102,"CVD_BULL (91%);SPREAD_PENALTY (0.19%);ASK_LIFT",OPEN
2026-04-20T17:03:51.623196,ARCO,LONG,9.71,53.8,157.00,0.8230,"CVD_BULL (82%);SPREAD_PENALTY (0.10%);ASK_LIFT",OPEN
2026-04-20T17:05:08.657464,APLD,LONG,31.29,56.7,256.00,0.7302,"CVD_BULL (73%);ASK_LIFT",OPEN
2026-04-20T17:06:18.277298,BBD,LONG,4.20,43.6,1.00,1.0000,"CVD_BULL (100%);SPREAD_PENALTY (0.24%);ASK_LIFT",OPEN
2026-04-20T17:06:19.608711,BITO,LONG,10.37,54.3,12590.00,1.0000,"CVD_BULL (100%);ASK_LIFT",OPEN
2026-04-20T17:06:20.465684,BB,SHORT,5.41,47.6,-1635.00,0.3417,"CVD_BEAR (34%);SPREAD_PENALTY (0.18%);BID_HIT",OPEN
2026-04-20T17:06:24.032289,BAC,SHORT,53.83,37.6,-2001.00,0.2602,"CVD_BEAR (26%);ASK_LIFT",OPEN
2026-04-20T17:06:27.430251,BMNR,LONG,22.19,35.6,448.00,0.9848,"CVD_BULL (98%);BID_HIT",OPEN
2026-04-20T17:08:54.766810,BBAI,LONG,3.77,41.6,2180.00,0.9225,"CVD_BULL (92%);SPREAD_PENALTY (0.27%);ASK_LIFT",OPEN
2026-04-20T17:08:56.140924,ARCO,LONG,9.72,53.8,148.00,0.7569,"CVD_BULL (76%);SPREAD_PENALTY (0.10%);ASK_LIFT",OPEN
2026-04-20T17:11:12.473494,APLD,LONG,31.42,56.7,711.00,0.7467,"CVD_BULL (75%);ASK_LIFT",OPEN
2026-04-20T17:11:13.092931,BMNU,SHORT,2.16,37.5,5847.00,1.0000,"CVD_BULL (100%);SPREAD_PENALTY (0.46%);BID_HIT;HIGH_VOL (120,247)",OPEN
2026-04-20T17:12:32.973095,BITO,LONG,10.38,69.3,23314.00,0.8563,"CVD_BULL (86%);ASK_LIFT;HIGH_VOL (214,627)",OPEN
2026-04-20T17:12:35.202040,BMNR,LONG,22.25,58.1,1195.00,0.6407,"CVD_BULL (64%);ASK_LIFT",OPEN
2026-04-20T17:13:49.455333,BBD,LONG,4.20,43.6,2101.00,0.9200,"CVD_BULL (92%);SPREAD_PENALTY (0.24%);ASK_LIFT",OPEN
2026-04-20T17:15:18.033861,AUGO,LONG,104.04,44.2,35.00,0.6174,"CVD_BULL (62%);SPREAD_PENALTY (0.23%);ASK_LIFT",OPEN
2026-04-20T17:15:21.978624,ARCO,LONG,9.72,53.8,148.00,0.7569,"CVD_BULL (76%);SPREAD_PENALTY (0.10%);ASK_LIFT",OPEN
2026-04-20T17:16:33.308045,BB,SHORT,5.37,47.5,-13488.00,0.3329,"CVD_BEAR (33%);SPREAD_PENALTY (0.19%);BID_HIT",OPEN
2026-04-20T17:16:34.367560,BBAI,LONG,3.79,41.6,2495.00,0.9309,"CVD_BULL (93%);SPREAD_PENALTY (0.26%);ASK_LIFT",OPEN
2026-04-20T17:16:35.412827,APLD,LONG,31.64,56.8,1046.00,0.6746,"CVD_BULL (67%);ASK_LIFT",OPEN
2026-04-20T17:16:36.077753,BMNU,SHORT,2.17,37.5,15047.00,1.0000,"CVD_BULL (100%);SPREAD_PENALTY (0.46%);BID_HIT;HIGH_VOL (255,728)",OPEN
2026-04-20T17:17:46.653726,QQQ,LONG,645.73,61.3,1444.00,0.6199,"CVD_BULL (62%);ASK_LIFT",OPEN
2026-04-20T17:17:47.604780,BITO,LONG,10.39,69.3,25914.00,0.8669,"CVD_BULL (87%);ASK_LIFT;HIGH_VOL (341,018)",OPEN
2026-04-20T17:17:48.920821,BMNR,LONG,22.34,58.1,2413.00,0.6497,"CVD_BULL (65%);ASK_LIFT",OPEN
2026-04-20T17:21:21.421006,ARCO,LONG,9.72,53.8,148.00,0.7569,"CVD_BULL (76%);SPREAD_PENALTY (0.10%);ASK_LIFT",OPEN
2026-04-20T17:22:43.475509,APLD,LONG,31.64,56.8,1046.00,0.6746,"CVD_BULL (67%);ASK_LIFT",OPEN
2026-04-20T17:22:47.890393,BMNU,SHORT,2.20,37.5,26586.00,1.0000,"CVD_BULL (100%);SPREAD_PENALTY (0.45%);BID_HIT;HIGH_VOL (448,949)",OPEN
2026-04-20T17:23:57.983047,BITO,LONG,10.40,69.3,27022.00,0.7861,"CVD_BULL (79%);ASK_LIFT;HIGH_VOL (436,158)",OPEN
2026-04-20T17:24:06.186355,AMRX,LONG,13.48,55.9,5.00,1.0000,"CVD_BULL (100%);ASK_LIFT",OPEN
2026-04-20T17:26:22.355950,BB,SHORT,5.37,68.5,-25853.00,0.3265,"CVD_BEAR (33%);BLOCK_SELL_IMBAL (-1);SPREAD_PENALTY (0.19%);BID_HIT;HIGH_VOL (125,172)",OPEN
2026-04-20T17:28:42.136736,SPY,SHORT,708.11,38.8,-124.00,0.3086,"CVD_BEAR (31%);ASK_LIFT",OPEN
2026-04-20T17:28:42.985482,QQQ,LONG,645.77,61.3,430.00,0.8180,"CVD_BULL (82%);ASK_LIFT",OPEN
2026-04-20T17:28:43.511343,IWM,SHORT,276.75,38.5,-342.00,0.3057,"CVD_BEAR (31%);ASK_LIFT",OPEN
2026-04-20T17:29:59.187370,AUGO,LONG,103.80,39.0,10.00,1.0000,"CVD_BULL (100%)",OPEN
2026-04-20T17:31:04.040671,BAC,SHORT,53.83,37.6,-502.00,0.0000,"CVD_BEAR (0%);ASK_LIFT",OPEN
2026-04-20T17:31:05.626619,BB,LONG,5.39,47.6,13.00,1.0000,"CVD_BULL (100%);SPREAD_PENALTY (0.19%);ASK_LIFT",OPEN
2026-04-20T17:31:07.010268,BBD,SHORT,4.18,43.6,-22.00,0.0000,"CVD_BEAR (0%);SPREAD_PENALTY (0.24%);BID_HIT",OPEN
2026-04-20T17:31:09.694885,ACLS,SHORT,129.84,39.0,-14.00,0.0000,"CVD_BEAR (0%)",OPEN
2026-04-20T17:31:11.049719,AMRX,LONG,13.47,55.9,253.00,0.7792,"CVD_BULL (78%);ASK_LIFT",OPEN
2026-04-20T17:32:17.153838,BITO,SHORT,10.38,46.8,-3399.00,0.0000,"CVD_BEAR (0%);ASK_LIFT;HIGH_VOL (119,799)",OPEN
2026-04-20T17:32:18.284697,BMNR,SHORT,22.33,35.6,-807.00,0.0993,"CVD_BEAR (10%);ASK_LIFT",OPEN
2026-04-20T17:33:34.448096,AXTI,LONG,75.16,39.0,24.00,1.0000,"CVD_BULL (100%)",OPEN
2026-04-20T17:38:00.260789,QQQ,LONG,645.68,61.2,125.00,0.6214,"CVD_BULL (62%);ASK_LIFT",OPEN
2026-04-20T17:38:00.877130,IWM,SHORT,276.57,38.2,-630.00,0.0000,"CVD_BEAR (0%);ASK_LIFT",OPEN
2026-04-20T17:43:34.548307,QQQ,LONG,645.75,61.0,1039.00,0.6641,"CVD_BULL (66%);ASK_LIFT",OPEN
2026-04-20T17:43:36.335500,IWM,SHORT,276.50,38.2,-1001.00,0.3298,"CVD_BEAR (33%);ASK_LIFT",OPEN
2026-04-20T17:44:55.730361,AEHR,LONG,90.32,39.0,202.00,1.0000,"CVD_BULL (100%)",OPEN
2026-04-20T17:46:01.116562,BITO,LONG,10.39,54.3,2999.00,1.0000,"CVD_BULL (100%);ASK_LIFT",OPEN
2026-04-20T17:46:03.443452,BB,SHORT,5.39,47.6,-200.00,0.0000,"CVD_BEAR (0%);SPREAD_PENALTY (0.19%);BID_HIT",OPEN
2026-04-20T17:46:05.987754,BMNR,SHORT,22.34,35.6,-1264.00,0.0611,"CVD_BEAR (6%);ASK_LIFT",OPEN
2026-04-20T17:46:06.926310,BAC,SHORT,53.81,37.6,-1007.00,0.0780,"CVD_BEAR (8%);ASK_LIFT",OPEN
2026-04-20T17:49:30.725138,QQQ,LONG,646.14,61.0,1978.00,0.6322,"CVD_BULL (63%);ASK_LIFT",OPEN
2026-04-20T17:50:40.320936,AEHR,LONG,91.07,39.0,629.00,0.9744,"CVD_BULL (97%)",OPEN
2026-04-20T17:50:41.049821,BBAI,SHORT,3.79,41.7,-205.00,0.0000,"CVD_BEAR (0%);SPREAD_PENALTY (0.26%);BID_HIT",OPEN
2026-04-20T17:51:52.764962,BITO,LONG,10.42,69.3,16772.00,0.9999,"CVD_BULL (100%);ASK_LIFT;HIGH_VOL (313,225)",OPEN
2026-04-20T17:51:53.659747,BMNU,SHORT,2.21,37.5,14400.00,1.0000,"CVD_BULL (100%);SPREAD_PENALTY (0.45%);BID_HIT;HIGH_VOL (254,683)",OPEN
2026-04-20T17:53:03.249447,BB,SHORT,5.39,47.6,-2248.00,0.1434,"CVD_BEAR (14%);SPREAD_PENALTY (0.19%);BID_HIT",OPEN
2026-04-20T17:56:30.137471,AEHR,LONG,91.07,39.0,629.00,0.9744,"CVD_BULL (97%)",OPEN
2026-04-20T17:57:38.301026,BITO,LONG,10.41,69.3,14088.00,0.7999,"CVD_BULL (80%);ASK_LIFT;HIGH_VOL (561,599)",OPEN
2026-04-20T17:57:38.897703,BMNU,SHORT,2.21,37.5,14400.00,1.0000,"CVD_BULL (100%);SPREAD_PENALTY (0.45%);BID_HIT;HIGH_VOL (440,892)",OPEN
2026-04-20T17:58:45.845587,BB,SHORT,5.40,47.6,-2352.00,0.1589,"CVD_BEAR (16%);SPREAD_PENALTY (0.19%);BID_HIT",OPEN
2026-04-20T17:58:46.756902,ARCO,SHORT,9.64,53.7,-43.00,0.0000,"CVD_BEAR (0%);SPREAD_PENALTY (0.10%);BID_HIT",OPEN
2026-04-20T18:01:06.516386,BAC,SHORT,53.77,37.6,-5061.00,0.3797,"CVD_BEAR (38%);ASK_LIFT",OPEN
2026-04-20T18:02:16.106896,BMNG,LONG,1.55,37.5,9104.00,1.0000,"CVD_BULL (100%);SPREAD_PENALTY (0.65%);ASK_LIFT;HIGH_VOL (107,098)",OPEN
2026-04-20T18:02:17.135725,AEHR,LONG,91.07,39.0,629.00,0.9744,"CVD_BULL (97%)",OPEN
2026-04-20T18:03:25.621468,BITO,LONG,10.45,69.3,44161.00,0.8720,"CVD_BULL (87%);ASK_LIFT;HIGH_VOL (838,960)",OPEN
2026-04-20T18:03:26.250851,BMNU,SHORT,2.24,37.5,27909.00,1.0000,"CVD_BULL (100%);SPREAD_PENALTY (0.45%);BID_HIT;HIGH_VOL (498,004)",OPEN
2026-04-20T18:04:35.106090,ARCO,SHORT,9.65,53.7,-40.00,0.0652,"CVD_BEAR (7%);SPREAD_PENALTY (0.10%);BID_HIT",OPEN
2026-04-20T18:05:48.376167,ALK,SHORT,43.65,56.4,-172.00,0.1161,"CVD_BEAR (12%);BID_HIT",OPEN
2026-04-20T18:08:08.882604,BMNG,LONG,1.56,37.5,10934.00,1.0000,"CVD_BULL (100%);SPREAD_PENALTY (0.64%);ASK_LIFT;HIGH_VOL (250,979)",OPEN
2026-04-20T18:09:23.950274,BITO,LONG,10.45,69.3,46184.00,0.8481,"CVD_BULL (85%);ASK_LIFT;HIGH_VOL (972,457)",OPEN
2026-04-20T18:09:25.724473,BMNU,LONG,2.25,43.1,36909.00,1.0000,"CVD_BULL (100%);SPREAD_PENALTY (0.45%);ASK_LIFT;HIGH_VOL (696,786)",OPEN
2026-04-20T18:09:29.868525,AMPX,SHORT,19.53,53.8,-158.00,0.3237,"CVD_BEAR (32%);SPREAD_PENALTY (0.10%);BID_HIT",OPEN
2026-04-20T18:10:55.968244,ALK,LONG,43.95,56.4,586.00,0.7807,"CVD_BULL (78%);ASK_LIFT",OPEN
2026-04-20T18:11:10.443096,ARX,LONG,14.77,36.1,254.00,0.7571,"CVD_BULL (76%);SPREAD_PENALTY (0.34%);ASK_LIFT",OPEN
2026-04-20T18:14:16.308167,BMNG,SHORT,1.55,37.5,-3066.00,0.4385,"SPREAD_PENALTY (0.64%);BID_HIT;HIGH_VOL (291,198)",OPEN
2026-04-20T18:14:21.353630,ARCO,LONG,9.66,53.7,260.00,0.6654,"CVD_BULL (67%);SPREAD_PENALTY (0.10%);ASK_LIFT",OPEN
2026-04-20T18:14:22.294188,BBAI,LONG,3.80,41.7,2121.00,0.8618,"CVD_BULL (86%);SPREAD_PENALTY (0.26%);ASK_LIFT",OPEN
2026-04-20T18:16:16.041968,BITO,LONG,10.47,69.3,51507.00,0.8594,"CVD_BULL (86%);ASK_LIFT;HIGH_VOL (1,012,306)",OPEN
2026-04-20T18:16:16.800788,BAC,LONG,53.78,37.5,-4503.00,0.4476,"ASK_LIFT;HIGH_VOL (103,598)",OPEN
2026-04-20T18:16:17.433670,BMNU,SHORT,2.25,37.5,40109.00,0.9951,"CVD_BULL (100%);SPREAD_PENALTY (0.44%);BID_HIT;HIGH_VOL (925,478)",OPEN
2026-04-20T18:16:19.273834,AMPX,LONG,19.48,46.1,500.00,0.6046,"CVD_BULL (60%);SPREAD_PENALTY (0.21%);ASK_LIFT",OPEN
2026-04-20T18:19:55.948225,BMNG,SHORT,1.56,37.5,1134.00,0.5195,"SPREAD_PENALTY (0.64%);BID_HIT;HIGH_VOL (405,086)",OPEN
2026-04-20T18:21:47.670601,BITO,LONG,10.46,69.3,32861.00,0.6802,"CVD_BULL (68%);ASK_LIFT;HIGH_VOL (1,135,602)",OPEN
2026-04-20T18:21:53.591693,BB,LONG,5.45,37.5,3284.00,0.5391,"SPREAD_PENALTY (0.18%);ASK_LIFT;HIGH_VOL (102,506)",OPEN
2026-04-20T18:21:54.918730,BAC,LONG,53.83,37.5,-5203.00,0.4473,"ASK_LIFT;HIGH_VOL (132,215)",OPEN
2026-04-20T18:21:59.087732,BMNU,SHORT,2.25,37.5,40109.00,0.9951,"CVD_BULL (100%);SPREAD_PENALTY (0.44%);BID_HIT;HIGH_VOL (983,912)",OPEN
2026-04-20T18:22:04.123143,BBAI,LONG,3.81,41.8,2645.00,0.8828,"CVD_BULL (88%);SPREAD_PENALTY (0.26%);ASK_LIFT",OPEN
2026-04-20T18:22:07.735847,AMPX,LONG,19.48,46.1,500.00,0.6046,"CVD_BULL (60%);SPREAD_PENALTY (0.21%);ASK_LIFT",OPEN
2026-04-20T18:30:01.806446,SPY,SHORT,708.39,38.7,-353.00,0.2850,"CVD_BEAR (29%);ASK_LIFT",OPEN
2026-04-20T18:30:02.625909,IWM,LONG,277.11,61.0,270.00,0.6541,"CVD_BULL (65%);ASK_LIFT",OPEN
2026-04-20T18:36:29.247284,IWM,SHORT,277.19,36.8,-256.00,0.3129,"CVD_BEAR (31%);ASK_LIFT",OPEN
2026-04-20T18:38:11.599284,SPY,SHORT,708.09,38.8,-141.00,0.3242,"CVD_BEAR (32%);ASK_LIFT",OPEN
2026-04-20T18:38:12.100796,QQQ,LONG,646.16,60.9,740.00,0.7632,"CVD_BULL (76%);ASK_LIFT",OPEN
2026-04-20T18:39:12.967372,IWM,SHORT,276.96,38.5,-357.00,0.3989,"CVD_BEAR (40%);ASK_LIFT",OPEN
2026-04-20T18:43:14.351540,SPY,SHORT,708.16,37.5,-1811.00,0.3987,"CVD_BEAR (40%);ASK_LIFT",OPEN
2026-04-20T18:43:14.805231,QQQ,LONG,646.29,60.9,1031.00,0.6110,"CVD_BULL (61%);ASK_LIFT",OPEN
2026-04-20T18:46:15.815747,IWM,LONG,277.21,61.0,1928.00,0.6012,"CVD_BULL (60%);ASK_LIFT",OPEN
2026-04-20T18:48:16.692409,QQQ,LONG,646.44,61.3,4958.00,0.6633,"CVD_BULL (66%);ASK_LIFT",OPEN
2026-04-20T18:51:17.901297,IWM,LONG,277.47,61.0,5784.00,0.6514,"CVD_BULL (65%);ASK_LIFT",OPEN
2026-04-20T18:53:18.801898,QQQ,LONG,646.65,60.9,8410.00,0.6432,"CVD_BULL (64%);ASK_LIFT",OPEN
2026-04-20T18:58:20.443141,QQQ,LONG,646.49,60.9,8619.00,0.6066,"CVD_BULL (61%);ASK_LIFT",OPEN
2026-04-20T19:19:27.488741,SPY,LONG,708.33,37.5,-4883.00,0.4622,"ASK_LIFT;HIGH_VOL (100,020)",OPEN
2026-04-20T19:20:28.197701,IWM,LONG,277.54,37.5,2420.00,0.5174,"ASK_LIFT;HIGH_VOL (102,169)",OPEN
2026-04-20T19:24:29.395106,SPY,LONG,708.16,37.5,-4834.00,0.4658,"ASK_LIFT;HIGH_VOL (108,076)",OPEN
2026-04-20T19:25:30.055482,IWM,LONG,277.44,37.5,2169.00,0.5148,"ASK_LIFT;HIGH_VOL (108,398)",OPEN
2026-04-20T19:29:31.169369,SPY,LONG,708.08,37.5,-7589.00,0.4532,"ASK_LIFT;HIGH_VOL (122,873)",OPEN
2026-04-20T19:30:32.144123,IWM,LONG,277.28,37.5,-1218.00,0.4925,"ASK_LIFT;HIGH_VOL (122,819)",OPEN
2026-04-20T19:34:33.501163,SPY,LONG,707.83,37.5,-9466.00,0.4472,"ASK_LIFT;HIGH_VOL (137,054)",OPEN
2026-04-20T19:34:33.958707,QQQ,LONG,646.28,37.5,8162.00,0.5523,"ASK_LIFT;HIGH_VOL (100,554)",OPEN
2026-04-20T19:35:34.595356,IWM,LONG,277.13,37.5,-1486.00,0.4915,"ASK_LIFT;HIGH_VOL (133,219)",OPEN
2026-04-20T19:39:35.814987,SPY,LONG,707.86,37.5,-10196.00,0.4483,"ASK_LIFT;HIGH_VOL (149,897)",OPEN
2026-04-20T19:39:36.429521,QQQ,LONG,646.30,37.5,8072.00,0.5491,"ASK_LIFT;HIGH_VOL (105,953)",OPEN
2026-04-20T19:40:37.329867,IWM,LONG,277.29,37.5,-1023.00,0.4946,"ASK_LIFT;HIGH_VOL (144,138)",OPEN
2026-04-20T19:44:38.485823,SPY,LONG,707.67,37.5,-10837.00,0.4508,"ASK_LIFT;HIGH_VOL (170,396)",OPEN
2026-04-20T19:44:38.887517,QQQ,LONG,646.12,37.5,6703.00,0.5387,"ASK_LIFT;HIGH_VOL (111,010)",OPEN
2026-04-20T19:45:39.487874,IWM,LONG,277.11,37.5,-2820.00,0.4859,"ASK_LIFT;HIGH_VOL (155,198)",OPEN
2026-04-20T19:49:40.625635,SPY,LONG,707.88,37.5,-8343.00,0.4663,"ASK_LIFT;HIGH_VOL (189,603)",OPEN
2026-04-20T19:49:41.124357,QQQ,LONG,646.22,37.5,6756.00,0.5375,"ASK_LIFT;HIGH_VOL (116,518)",OPEN
2026-04-20T19:50:41.746936,IWM,LONG,277.11,37.5,-2934.00,0.4867,"ASK_LIFT;HIGH_VOL (171,657)",OPEN
2026-04-20T19:54:42.991656,SPY,LONG,708.08,37.5,-6599.00,0.4772,"ASK_LIFT;HIGH_VOL (219,888)",OPEN
2026-04-20T19:54:43.424612,QQQ,LONG,646.34,37.5,2576.00,0.5125,"ASK_LIFT;HIGH_VOL (134,022)",OPEN
2026-04-20T19:55:44.129326,IWM,LONG,277.06,37.5,-3936.00,0.4850,"ASK_LIFT;HIGH_VOL (205,250)",OPEN
2026-04-20T19:59:45.257807,SPY,LONG,708.69,37.5,-3853.00,0.4897,"ASK_LIFT;HIGH_VOL (284,962)",OPEN
2026-04-20T19:59:45.677227,QQQ,LONG,646.91,37.5,14881.00,0.5523,"ASK_LIFT;HIGH_VOL (204,539)",OPEN
2026-04-20T20:00:46.328168,IWM,LONG,277.36,37.5,-553.00,0.4982,"ASK_LIFT;HIGH_VOL (243,403)",OPEN
2026-04-20T20:04:47.385070,SPY,LONG,708.60,39.9,9802.00,0.5225,"SENTIMENT_BULL (+0.21);ASK_LIFT;HIGH_VOL (320,851)",OPEN
2026-04-20T20:04:47.929641,QQQ,LONG,646.90,38.5,18490.00,0.5567,"SENTIMENT_BULL (+0.11);ASK_LIFT;HIGH_VOL (232,056)",OPEN
2026-04-20T20:05:48.319119,IWM,LONG,277.23,39.0,-1553.00,0.4950,"SENTIMENT_BULL (+0.16);ASK_LIFT;HIGH_VOL (244,403)",OPEN
2026-04-20T20:09:48.692955,SPY,LONG,708.60,39.9,9802.00,0.5225,"SENTIMENT_BULL (+0.21);ASK_LIFT;HIGH_VOL (320,851)",OPEN
2026-04-20T20:09:49.124127,QQQ,LONG,646.85,38.5,17815.00,0.5529,"SENTIMENT_BULL (+0.11);ASK_LIFT;HIGH_VOL (237,421)",OPEN
2026-04-20T20:10:49.535638,IWM,LONG,277.29,38.7,-1479.00,0.4952,"SENTIMENT_BULL (+0.16);ASK_LIFT;HIGH_VOL (244,514)",OPEN
2026-04-20T20:14:49.988598,SPY,LONG,708.60,39.9,9802.00,0.5225,"SENTIMENT_BULL (+0.21);ASK_LIFT;HIGH_VOL (320,851)",OPEN
2026-04-20T20:14:50.387510,QQQ,LONG,646.79,38.5,17695.00,0.5525,"SENTIMENT_BULL (+0.11);ASK_LIFT;HIGH_VOL (237,541)",OPEN
2026-04-20T20:15:50.815371,IWM,LONG,277.22,38.7,-1515.00,0.4951,"SENTIMENT_BULL (+0.16);ASK_LIFT;HIGH_VOL (244,658)",OPEN
2026-04-20T20:19:51.297910,SPY,LONG,708.60,39.9,9802.00,0.5225,"SENTIMENT_BULL (+0.21);ASK_LIFT;HIGH_VOL (320,851)",OPEN
2026-04-20T20:19:51.769225,QQQ,LONG,646.65,38.4,17672.00,0.5524,"SENTIMENT_BULL (+0.11);ASK_LIFT;HIGH_VOL (237,564)",OPEN
2026-04-20T20:20:52.257329,IWM,LONG,277.21,38.7,-2105.00,0.4932,"SENTIMENT_BULL (+0.16);ASK_LIFT;HIGH_VOL (245,248)",OPEN
2026-04-20T20:24:52.741570,SPY,LONG,708.64,39.9,9772.00,0.5224,"SENTIMENT_BULL (+0.21);ASK_LIFT;HIGH_VOL (320,881)",OPEN
2026-04-20T20:24:53.207407,QQQ,LONG,646.73,38.5,17540.00,0.5517,"SENTIMENT_BULL (+0.11);ASK_LIFT;HIGH_VOL (238,610)",OPEN
2026-04-20T20:25:53.631198,IWM,LONG,277.21,38.2,-2105.00,0.4932,"SENTIMENT_BULL (+0.16);ASK_LIFT;HIGH_VOL (245,248)",OPEN
2026-04-20T20:29:54.107230,SPY,LONG,708.64,39.9,9772.00,0.5224,"SENTIMENT_BULL (+0.21);ASK_LIFT;HIGH_VOL (320,881)",OPEN
2026-04-20T20:29:54.485673,QQQ,LONG,646.75,38.4,17650.00,0.5520,"SENTIMENT_BULL (+0.11);ASK_LIFT;HIGH_VOL (238,766)",OPEN
2026-04-20T20:30:54.877750,IWM,LONG,277.21,38.2,-2105.00,0.4932,"SENTIMENT_BULL (+0.16);ASK_LIFT;HIGH_VOL (245,248)",OPEN
2026-04-20T20:34:55.347697,SPY,LONG,709.26,39.9,8653.00,0.5198,"SENTIMENT_BULL (+0.21);ASK_LIFT;HIGH_VOL (322,002)",OPEN
2026-04-20T20:34:55.802916,QQQ,LONG,647.38,37.5,17696.00,0.5521,"SENTIMENT_BULL (+0.11);ASK_LIFT;HIGH_VOL (238,812)",OPEN
2026-04-20T20:35:56.422623,IWM,LONG,277.21,38.2,-2105.00,0.4932,"SENTIMENT_BULL (+0.16);ASK_LIFT;HIGH_VOL (245,248)",OPEN
2026-04-20T20:39:56.855302,SPY,LONG,709.26,39.9,8653.00,0.5198,"SENTIMENT_BULL (+0.21);ASK_LIFT;HIGH_VOL (322,002)",OPEN
2026-04-20T20:39:57.372337,QQQ,LONG,648.13,38.7,17720.00,0.5516,"SENTIMENT_BULL (+0.11);ASK_LIFT;HIGH_VOL (240,613)",OPEN
2026-04-20T20:40:57.881579,IWM,LONG,277.21,38.2,-2105.00,0.4932,"SENTIMENT_BULL (+0.16);ASK_LIFT;HIGH_VOL (245,248)",OPEN
2026-04-20T20:44:58.375750,SPY,LONG,709.80,39.9,8665.00,0.5198,"SENTIMENT_BULL (+0.21);ASK_LIFT;HIGH_VOL (322,014)",OPEN
2026-04-20T20:44:58.727607,QQQ,LONG,648.19,38.4,18038.00,0.5523,"SENTIMENT_BULL (+0.11);ASK_LIFT;HIGH_VOL (241,541)",OPEN
2026-04-20T20:45:59.117707,IWM,LONG,277.21,38.2,-2105.00,0.4932,"SENTIMENT_BULL (+0.16);ASK_LIFT;HIGH_VOL (245,248)",OPEN
2026-04-20T20:49:59.557205,SPY,LONG,709.80,39.9,8665.00,0.5198,"SENTIMENT_BULL (+0.21);ASK_LIFT;HIGH_VOL (322,014)",OPEN
2026-04-20T20:49:59.991821,QQQ,LONG,647.37,38.5,17741.00,0.5513,"SENTIMENT_BULL (+0.11);ASK_LIFT;HIGH_VOL (241,838)",OPEN
2026-04-20T20:51:00.675228,IWM,LONG,277.21,38.2,-2105.00,0.4932,"SENTIMENT_BULL (+0.16);ASK_LIFT;HIGH_VOL (245,248)",OPEN
2026-04-20T20:55:01.111004,SPY,LONG,709.80,39.9,8665.00,0.5198,"SENTIMENT_BULL (+0.21);ASK_LIFT;HIGH_VOL (322,014)",OPEN
2026-04-20T20:55:01.532811,QQQ,LONG,647.69,38.4,17731.00,0.5513,"SENTIMENT_BULL (+0.11);ASK_LIFT;HIGH_VOL (241,848)",OPEN
2026-04-20T20:56:01.943915,IWM,LONG,277.71,38.2,-2031.00,0.4934,"SENTIMENT_BULL (+0.16);ASK_LIFT;HIGH_VOL (245,322)",OPEN
2026-04-20T21:00:02.412712,SPY,LONG,709.80,39.9,8665.00,0.5198,"SENTIMENT_BULL (+0.21);ASK_LIFT;HIGH_VOL (322,014)",OPEN
2026-04-20T21:00:03.070506,QQQ,LONG,647.48,38.0,17762.00,0.5514,"SENTIMENT_BULL (+0.11);ASK_LIFT;HIGH_VOL (241,879)",OPEN
2026-04-20T21:01:03.462741,IWM,LONG,277.71,38.2,-2031.00,0.4934,"SENTIMENT_BULL (+0.16);ASK_LIFT;HIGH_VOL (245,322)",OPEN
2026-04-20T21:05:04.012337,SPY,LONG,709.80,39.9,8665.00,0.5198,"SENTIMENT_BULL (+0.21);ASK_LIFT;HIGH_VOL (322,014)",OPEN
2026-04-20T21:05:04.388164,QQQ,LONG,647.48,38.0,17762.00,0.5514,"SENTIMENT_BULL (+0.11);ASK_LIFT;HIGH_VOL (241,879)",OPEN
2026-04-20T21:06:04.866830,IWM,LONG,277.71,38.2,-2031.00,0.4934,"SENTIMENT_BULL (+0.16);ASK_LIFT;HIGH_VOL (245,322)",OPEN
2026-04-20T21:10:05.788325,SPY,LONG,709.80,39.9,8665.00,0.5198,"SENTIMENT_BULL (+0.21);ASK_LIFT;HIGH_VOL (322,014)",OPEN
2026-04-20T21:10:06.842372,QQQ,LONG,647.48,38.0,17762.00,0.5514,"SENTIMENT_BULL (+0.11);ASK_LIFT;HIGH_VOL (241,879)",OPEN
2026-04-20T21:11:07.893009,IWM,LONG,277.71,38.2,-2031.00,0.4934,"SENTIMENT_BULL (+0.16);ASK_LIFT;HIGH_VOL (245,322)",OPEN
2026-04-20T21:15:11.665035,SPY,LONG,709.80,39.9,8665.00,0.5198,"SENTIMENT_BULL (+0.21);ASK_LIFT;HIGH_VOL (322,014)",OPEN
2026-04-20T21:15:12.228810,QQQ,LONG,647.48,38.0,17762.00,0.5514,"SENTIMENT_BULL (+0.11);ASK_LIFT;HIGH_VOL (241,879)",OPEN
2026-04-20T21:16:12.680264,IWM,LONG,277.71,38.2,-2031.00,0.4934,"SENTIMENT_BULL (+0.16);ASK_LIFT;HIGH_VOL (245,322)",OPEN
